book,chapter,verse,huggingface_image_link,current_text,corrected_text,uncertainty_count,uncertainties,images
acts,1,20,https://huggingface.co/datasets/jhonnyisaacc/hutter/resolve/main/hebrew/acts/000008.png,כִּי נִכְתָּב בְּסֵפֶר תִּלָּה הֵרֵא תֵּרָדִים נְשַׁמָּה בְּאָהֳלֵיהֶם אַל־תְּהִי יוֹשֵׁב פְּקֻדָּתוֹ יַחַ אַחֵר,כִּי נִכְתָּב בְּסֵפֶר תהילים תהי טירתם נְשַׁמָּה בְּאָהֳלֵיהֶם אַל־והִי יוֹשֵׁב ופְּקֻדָּתוֹ יַקחַ אַחֵר,1,some letters unclear due to print quality,000008.png
acts,2,30,https://huggingface.co/datasets/jhonnyisaacc/hutter/resolve/main/hebrew/acts/000018.png,וּבְהִיּוֹתוֹ נָבִיא וְיָדַעְתּוֹ נִשְׁבַּע יְהוָֹה לוֹ אֵמַן לֹא יִשֵּׁב מִפְּרִי בִטְנוֹ כְּבָשָׂר לִנְקוֹם אֶת־וּמַשִּׁית עָלֵישׁ לְכַסּוֹתוֹ,וּבְהִיּוֹתוֹ נָבִיא וְבדַעְתּוֹ כי נִשְׁבַּע יְהוָֹה לוֹ אמת לֹא יִשֵּׁוב ממנה מִפְּרִי בִטְנוֹ כְּבָשָׂר להקים אֶת־המַשִּׁיח ולשית לכסא לו,2,וּמַשִּׁית unusual form | עָלֵישׁ uncertain vocalization,000018.png
acts,3,5,https://huggingface.co/datasets/jhonnyisaacc/hutter/resolve/main/hebrew/acts/000026.png,וְהִנֵּה יִתְאַל אֱלֹיוֹ״ם חֹשֵׁב לִקַּחַת מֵאוּמְרָה מֵאָתֵם,וְהוא יִחל אֱלֹיהם חֹשֵׁב לִקַּחַת מֵאוּמְה מֵאָתֵם,1,verse 5: word boundaries unclear due to image quality,"000026.png, 000028.png"
acts,3,10,https://huggingface.co/datasets/jhonnyisaacc/hutter/resolve/main/hebrew/acts/000026.png,וַיְדַעֻהוּ כִּי הוּא הוּא אֲשֶׁר יָשַׁב אֶצְרְקֵהוּ הַנָּשָׁר וְהַיָּפֶה שַׁעַר הַמִּקְדָּשׁ הַנִּקְרָא הַמְּהֻדָּר עַל־אֲשֶׁר קָרָהוּ,וַיְדַעֻוהוּ כִּי זה הוּא אֲשֶׁר יָשַׁב אֶל־צְדקֵה בשַׁעַר ההיכל שפירה וימלאו תמהון וחרדה עַל־אֲשֶׁר קָרָהוּ,1,verse 10: word 'אוֹר' uncertain - may be 'אֲשֶׁר',"000026.png, 000028.png"
acts,3,11,https://huggingface.co/datasets/jhonnyisaacc/hutter/resolve/main/hebrew/acts/000026.png,וּבְהִתְאַפֵּס בַּפִּסֵּחַ אֲשֶׁר נִרְפָּא רַבַּבְפָה וִיהוֹיָכֵן נָתַן אֱלֹהִים כָּל־הָעָם בָּאָלֹם נִקְרָא שְׁלֹמֹה תִּתְמַהּוּ,והפִּסֵּחַ הנִרְפָּא באחו אותו בכיפה ויוחנן וירץ אליהם כָּל־הָעָם בָּאָולֹם הנִקְרָא שְׁלֹמֹה ויתְמַהּוּ,2,verse 11: initial word difficult to parse due to ornamented letter | verse_11_middle_section,"000026.png, 000028.png"
acts,3,20,https://huggingface.co/datasets/jhonnyisaacc/hutter/resolve/main/hebrew/acts/000032.png,אֲשֶׁר יָבוֹא עֵת דִּוְשָׁן וְהִתְחַלְּדוּתִיכֶם וְהִתִּי עוֹלָם בַּחִיקִי הַמְּבֹארִים עַשְׂבֵּעַ שְׁמָעוֹת אֶת־פְּנֵי־אֱלֹהִים וְיִשְׁלַח אֶת יֵשׁוּעַ אֲשֶׁר מִקֶּדֶם מִקְדָּם אֶת־יֵשׁוּעַ הַנֵּקְשָׁע,אֲשֶׁר אם תבוֹא עֵת רויה חליפתנו וחיי עוֹלָם בהקיץ תמונתו ונשבעה שְׂבֵּעַ שְׁמָחוֹת אֶת־פְּנֵי־אֱלֹהִים וְיִשְׁלַח אותו אֲשֶׁר מִקֶּדֶם מוכן אֶת־יֵשׁוּעַ המשיח,1,verse_20_complex_vocalization,000032.png
acts,3,22,https://huggingface.co/datasets/jhonnyisaacc/hutter/resolve/main/hebrew/acts/000032.png,וּמֹשֶׁה אָמַר לַאֲבוֹתֵינוּ כִּי נָבִיא לָכֶם מִקֶּרֶבְכֶם יָקִים יְהוָֹה אֱלֹהֵיכֶם מֵאֲחֵיכֶם בְּמוֹנִי יֵלֵךְ הִשְׁמָעוּ וְכֹל אֲשֶׁר יְדַבֵּר אֲלֵיכֶם,וּמֹשֶׁה אָמַר לַאֲבוֹתֵינוּ כִּי נָבִיא לָכֶם מִקֶּרֶבְכֶם יָקִים יְהוָֹה אֱלֹהֵיכֶם מֵאֲחֵיכֶם כמוֹנִי אליו תשמעון ככֹל אֲשֶׁר יְדַבֵּר אֲלֵיכֶם,1,verse_22_long_complex,000032.png
acts,6,7,https://huggingface.co/datasets/jhonnyisaacc/hutter/resolve/main/hebrew/acts/000064.png,וַדְּבַר אֱלֹהִים בָּדָה לְרַבּוֹת וּמִסְפַּר הַתַּלְמִידִים בִּירוּשָׁלָיִם רַב שׁוֹמְעִים מְאוֹד וְקָהָל רַב שׁוֹמְעִים,וַדְּבַר אֱלֹהִים פרה ורבה וּמִסְפַּר הַתַּלְמִידִים בִּירוּשָׁלָיִם מאד מאד וְקָהָל רַב שׁוֹמְעִים היו לאמונה,1,Word boundaries in verse 7 are challenging due to printing quality,000064.png
acts,7,30,https://huggingface.co/datasets/jhonnyisaacc/hutter/resolve/main/hebrew/acts/000076.png,וּבִמְלֹאת שִׁתִּים עֹוד אַרְבָּעִים שָׁנָה נִרְאָה אֵלָיו בְּמַלְאַךְ הָ' סִינָי מִדְבַּר יְהוָה כְּלַפַּת אֵשׁ מֵהַסְּנֶה,ובהמלא עֹוד אַרְבָּעִים שָׁנָה נִרְאָה אֵלָיו במִדְבַּר הר סִינָי מַלְאַךְ יְהוָה בלבת אֵשׁ מתוך מֵהַסְּנֶה,2,"וּבִמְלֹאת - first word unclear, possible reading | שִׁתִּים - second word unclear",000076.png
acts,7,51,https://huggingface.co/datasets/jhonnyisaacc/hutter/resolve/main/hebrew/acts/000084.png,עַם קְשֵׁה עֹרֶב עַרְלֵי לֵב וְעַרְלֵי אָזְנַיִם אַתֶּם תָּמִיד מְרִיתֶם אֶת־רוּחַ הַקֹּדֶשׁ כָּכֶם כַּאֲבוֹתֵיכֶם,עַם קְשֵׁה עֹרֶב עַרְלֵי לֵב וְעַרְלֵי אָזְנַיִם אַתֶּם תָּמִיד מְרִיתֶם אֶת־רוּחַ הַקֹּדֶשׁ כָּכֶם כַּאֲבוֹתֵיכֶם,1,עֹרֶב - possible עֹרֶף,000084.png
acts,7,54,https://huggingface.co/datasets/jhonnyisaacc/hutter/resolve/main/hebrew/acts/000084.png,וּבְשָׁמְעָם אֶת־הָאֵלֶּה נִשְׁוֹרוּ בִּלְבוֹתָם וְחָרְקוּ עָלָיו שִׁנֵּימוֹ,וּבְשָׁמְעָם אֶת־הָאֵלֶּה נִשְׁוֹרוּ כלְבוֹתָם וְחָרְקוּ עָלָיו שִׁנֵּימוֹ,1,נִשְׁוֹרוּ - unusual form,000084.png
acts,9,28,https://huggingface.co/datasets/jhonnyisaacc/hutter/resolve/main/hebrew/acts/000108.png,וַיְהִי אִתָּם בָּא וְיוֹצֵא בִּירוּשָׁלִַם יְשׁוּעַ בַּשֵּׁם יְשׁוּעַ,וַיְהִי אִתָּם בָּא וְיצֵא בִּירוּשָׁלִַים ובבטחון מדבר בַּשֵּׁם יְשׁוּעַ,1,Verse 28: Final word may be יֵשׁוּעַ - partial obscurity,000108.png
acts,9,34,https://huggingface.co/datasets/jhonnyisaacc/hutter/resolve/main/hebrew/acts/000108.png,וַיֹּאמֶר לוֹ פֶטְרוֹס אֵינֵס יְרַפָּא אֹתְךָ יְשׁוּעַ הַמָּשִׁיחַ קוּם הַצִּיעָה וַיָּבֶר עָרְשְׂךָ וַיָּקָם בְּרֶגַע,וַיֹּאמֶר לוֹ כיפה אניא יְרַפָּא אֹתְךָ יְשׁוּעַ הַמָּשִׁיחַ קוּם הַצִּיעָה ורבד עָרְשְׂךָ וַיָּקָם בְּרֶגַע,1,Verse 34: הַצִּיעָה - vowel on צ needs verification,000108.png
acts,11,12,https://huggingface.co/datasets/jhonnyisaacc/hutter/resolve/main/hebrew/acts/000130.png,וַתֹּאמֶר אֵלַי הָרוּחַ לָהֵלֶךְ אִתָּם וְלֹא לְנַבֵּר וַיָּבֹאוּ אִתִּי גַּם שֵׁשָּׁה אַחִים הָאֵלֶּה וַנָּבוֹא בְּבֵית הָאִישׁ,וַתֹּאמֶר אֵלַי הָרוּחַ לָהֵלֶךְ אִתָּם וְלֹא לְנַכר וַיָּבֹאוּ אִתִּי גַּם שֵׁשָּׁה אַחִים הָאֵלֶּה וַנָּבוֹא בְּבֵית הָאִישׁ,1,לְנַבֵּר,000130.png
acts,11,26,https://huggingface.co/datasets/jhonnyisaacc/hutter/resolve/main/hebrew/acts/000134.png,וּבְאֲשֶׁר מָצָא הֲבִיאוֹ אָנְטִיּוֹכְיָא וַיְהִי כִּי כָל־הַשָּׁנָה נוֹסָדוּ יָחַד בַּקְהִלָּה וַיְלַמְּדוּ עַם רַב וְיִקָּרְא לְתַלְמִידִים בְּאַנְטִיּוֹכְיָא בַּתְחִלָּה בְּרָאשׁוֹנָה נִבְרָא גְּבָרִים,וּכאֲשֶׁר מָצָאו הֲבִיאוֹ באָנְטִיּוֹכְיָא וַיְהִי־כִּי כָל־הַשָּׁנָה נוֹסָדוּ יָחַד בַּקְהִלָּה וַיְלַמְּדוּ עַם רַב וְיִקָּרְאו לְתַלְמִידִים בְּאַנְטִיּוֹכְיָא בְּרָאשׁוֹנָה נצרים,1,וּבְאֲשֶׁר - second letter may have different nikud,000134.png
acts,13,5,https://huggingface.co/datasets/jhonnyisaacc/hutter/resolve/main/hebrew/acts/000148.png,וּכְמוֹאָם לְשַׁלְמִיר בְּשָׂרוֹ אֶחָד דִּבֵּר אֱלֹהִים פְּרֵדוֹת הַתּוֹרָהוְ וְיוֹנִי בְּשָׁתְיהֶם,וּבבוֹאָם לְשַׁלְמִין בְּשָׂרוֹ את־דִּבֵּר אֱלֹהִים בעדות היהודים ויהי יוחנן משרתם,2,verse 5: third word unclear - may be לְשַׁלְמִיר or similar | verse 5: word division uncertain in middle section,000148.png
acts,13,6,https://huggingface.co/datasets/jhonnyisaacc/hutter/resolve/main/hebrew/acts/000148.png,וּכְאַשֶׁר יִתְחַלֵּק בְּכָל הָא עַד פָּפוֹס יִמְצְאוּ אֶת מָה רַב אֶחָד נָבִיא שֶׁקֶר וִיהוּדִי נִשְׁבָּה בַּר יֵשֻׁע,וּכְאַשֶׁר התהלכו בְּכָל־הָאי עַד פָּפוֹס ויִמְצְאוּ אֶת מהגה אֶחָד נָבִיא שֶׁקֶר יהוּדִי ושמו בַּר יֵשֻׁוע,2,verse 6: first word after number may be וּכְאַשֶׁר | verse 6: word בַּר at end unclear - could be different vocalization,000148.png
acts,13,7,https://huggingface.co/datasets/jhonnyisaacc/hutter/resolve/main/hebrew/acts/000148.png,אֲשֶׁר הָיָה אֵת סֶרְגִיוֹס פָּולוֹס הָאַנְשִׁי גָּדוֹל אִישׁ נָכוֹן וָהוּא קָרָא לְבַרְנַבָא וּלְשָׁאוּל בַּקֵּשׁ לִשְׁמוֹעַ אֶת דְּבַר אֱלֹהִים,אֲשֶׁר הָיָה אֵת סֶרְגִיוֹס פָּולוֹס והוא יועץ גָּדוֹל ואִישׁ נָבוֹן זה קָרָא לְבַרְנַבָא וּלְשָׁאוּל ויבַקֵּשׁ לִשְׁמוֹעַ אֶת־דְּבַר אֱלֹהִים,2,verse 7: several words have uncertain vocalization | verse 7: סֶרְגִיוֹס appears to be a transliteration,000148.png
acts,13,8,https://huggingface.co/datasets/jhonnyisaacc/hutter/resolve/main/hebrew/acts/000148.png,וּבַכֹּל עֵלְמָא אֱלְמֻסְיַא הוּא גַּם שְׁמוֹ כִּי כֵן בְּתַרְגּוּם שְׁמוֹ הַמְבַקֵּשׁ לְשַׁבֵּר אֶת יוֹסֶי הַגָּדוֹל מֵהָאֱמוּנָה,ויקם עליהם אלימשיח המהגה כִּי כֵן מתורגם שְׁמוֹ מְבַקֵּשׁ לשובב אֶת־יועץ הַגָּדוֹל מֵאֱמוּנָה,2,verse 8: אֱלְמֻסְיַא is a transliteration and vocalization is uncertain | verse 8: several words have complex or unclear nikud,000148.png
acts,13,9,https://huggingface.co/datasets/jhonnyisaacc/hutter/resolve/main/hebrew/acts/000148.png,וְשָׁאוּל אֲשֶׁר גַּם הוּא נִקְרָא פָּולוֹס מַלֵּא רוּחַ הַקֹּדֶשׁ הַבֵּיט,וְשָׁאוּל אֲשֶׁר גַּם הוּא נִקְרָא פָּולוֹס מַלֵּא רוּחַ הַקֹּדֶשׁ הַבֵּיטו,1,verse 9: relatively clear but some nikud marks may be ambiguous,000148.png
acts,13,10,https://huggingface.co/datasets/jhonnyisaacc/hutter/resolve/main/hebrew/acts/000148.png,וַיֹּאמֶר אוֹ מָלֵא כָּל מִרְמָה וְכָל מַכְלִים אֱנִי עֶבֶד כָּל צֶדֶק לֹא תָחוּנֶת לְהַשְׁבֵּית אֶת דַּרְכֵי יְהוָֹה הַיְּשָׁרִים,וַיֹּאמֶר אוֹי מָלֵא כָּל־מִרְמָה וְתך בן־המַכְלִים אויב כָּל צֶדֶק לֹא תנוח לשובב אֶת־דַּרְכֵי יְהוָֹה הַיְּשָׁרִים,2,verse 10: several words have uncertain vocalization | verse 10: word divisions in middle section uncertain,000148.png
acts,13,50,https://huggingface.co/datasets/jhonnyisaacc/hutter/resolve/main/hebrew/acts/000162.png,וְהַיְּהוּדִים הֵסִיתוּ אֶת־נָשִׁים יִרְאוֹת יְהוָֹה שְׁווֹת נִכְבָּדוֹת וְרָאשֵׁי הָעִיר וַתַּחֲלַלְנָה רְדֵף מַתְעֶה וְרִדְפָה עַל־פַּוְלוֹס וּבַרְנָא וַיַּשְׁלִיכוּם מִגְּבוּלוֹתָם,וְהַיְּהוּדִים הֵסִיתוּ אֶת־נָשִׁי יִרְאוֹת יְהוָֹה שְׁווֹת נִכְבָּדוֹת וְרָאשֵׁי הָעִיר וַתַּחֲלַלְנָה רסן מַתְעֶה וְרִדְפָה עַל־פַּוְלוֹס וּבַרְנָבא וַיַּשְׁלִיכוּם מִגְּבוּלוֹתָם,2,רְדֵף | מַתְעֶה,000162.png
acts,14,12,https://huggingface.co/datasets/jhonnyisaacc/hutter/resolve/main/hebrew/acts/000168.png,וַיִּקְרְאוּ הַבַּעַל אֲשֶׁר הוּא בְחֹזֶק לְעָרִים הַקָּדִים שְׁבֹורִים וְכַתְהוֹנָן אֶל הַשְּׁלִיחִים אֶת־הַפְּעָם וְאַהֲבָה לוֹבֵחַ,וכמר הַבַּעַל אֲשֶׁר הוּא מחוץ לעירם הקריב שורים וכתרות אֶל־השערים אֶת־הַעָם ואבה לזבוח,2,verse 12: בְחֹזֶק - kamatz vs patach under zayin uncertain | verse 12: הַקָּדִים - dagesh in dalet faint,000168.png
acts,14,13,https://huggingface.co/datasets/jhonnyisaacc/hutter/resolve/main/hebrew/acts/000168.png,וְכַאֲשֶׁר שָׁמַע הַשְּׁלִיחִים בַּרְנַבָא וּבְלוֹלִם יִקְרְעוּ אֶת בְּגֹדֵיהֶם וַיָּנִיקוּ בָּעָם וַיִּצְעָקוּ,וְכַאֲשֶׁר שָׁמַע הַשְּׁלִיחִים בַּרְנַבָא ופולוס ויִקְרְעוּ אֶת־בְּגֹדֵותם ויונקו בָּעָם וַיִּצְעָקוּ,1,verse 13: בְלוֹלִם - vocalization of lamed uncertain,000168.png
acts,14,14,https://huggingface.co/datasets/jhonnyisaacc/hutter/resolve/main/hebrew/acts/000168.png,לֵאמֹר הָאֲנָשִׁים מָה הַפֶּעַל אֲשֶׁר אַתֶּם עֹשִׂים גַּם אֲנַחְנוּ אֲנָשִׁים נִבְרָדִים הֵם כְּמוֹכֶם אֲנָשִׁים אֲנָשִׁים וּמִתְפַּלְלִים אֲלֵיכֶם לְהָשִׁיב אֶל אֱלֹהִים חַי אֲשֶׁר בָּרָא אֶת־הַשָּׁמַיִם וְאֶת־הָאָרֶץ וְאֶת־הַיָּם וְאֵת כָּל־אֲשֶׁר בָּם,לֵאמֹר הָאֲנָשִׁים מָה תעשו את־הדברים האלה ואֲנַחְנוּ כמוכם אֲנָשִׁים אנושים ומתים היינו מבשרים אתכם לְהָשִׁיב מאלילים האלה אֶל־אלהי חַי אֲשֶׁר בָּרָא אֶת־הַשָּׁמַיִם וְאֶת־הָאָרֶץ וְאֶת־הַיָּם וְכָל־אֲשֶׁר בָּם,2,verse 14: נִבְרָדִים - initial nun vocalization unclear | verse 14: multiple instances of אֲנָשִׁים - hataf-patach vs sheva distinction,000168.png
acts,14,15,https://huggingface.co/datasets/jhonnyisaacc/hutter/resolve/main/hebrew/acts/000168.png,אֲשֶׁר בְּדֹרוֹת נֵעֲשׁוֹתָה הָנִית כָּל־הַגּוֹים לָלֶכֶת בְּדַרְכֵיהֶם,אֲשֶׁר בְּדֹורוֹת הראשונות הניח כָּל־הַגּוֹים לָלֶכֶת בְּדַרְכֵיהֶם,1,verse 15: נֵעֲשׁוֹתָה - segol vs tsere under ayin,000168.png
acts,14,16,https://huggingface.co/datasets/jhonnyisaacc/hutter/resolve/main/hebrew/acts/000168.png,אַף כִּי גַם הוּא מֵעוֹלָם לֹא הֵנִיחַ לָהֶם עֵדוּת מִטִּיב בַּשָּׁמַיִם נֹתֵר וּמַטְהִיר נֹתֵן פְּרִי וְהָאָרֶץ מַשְׂבִּיעַ אֲבָל נִשְׂמַחֲנוּ אֶת־לְבוֹתֵינוּ,אַף כִּי גַם על־־נפשו עזב לָהֶם עֵדוּת מִטִּיב בַּשָּׁמַיִם נותן לנו בעתו גשמי־ברכה ונֹתֵן עץ השדה את פְּרִיו וְהָאָרֶץ תתן יבולה ומַשְׂבִּיעַ אכל ושמחה אֶת־לְבוֹתֵינוּ,2,verse 16: מִטִּיב - dagesh in tet very faint | verse 16: נִשְׂמַחֲנוּ - sin vs shin dot position,000168.png
acts,14,18,https://huggingface.co/datasets/jhonnyisaacc/hutter/resolve/main/hebrew/acts/000170.png,וּבְהֵאָרִיכָם וּבְלַמְּדָם שָׁם בָּאֲנְטִיֹּכְיָאוּמֵאִיקֹנוּן וַיִּסְתּוּ אֶת־הָעָם וַיִּרְגְּמוּ אֶת־פַּוְלוּס וַיִּמְשְׁכוּהוּ אֶל־מִחוּץ לָעִיר וּמִתְחַשְּׁבִים כִּי מֵת הוּא,וּבְהֵאָרִיכָם וּבְלַמְּדָם שָׁם באו יהודים מאֲנְטִיֹּכְיָאוּמֵאִיקֹנוּן וַיִּפתּוּ אֶת־הָעָם וַיִּרְגְּמוּ אֶת־פַּוְלוּס וַיִּמְשְׁכוּהוּ אֶל־מִחוּץ לָעִיר וּמִתְחַשְּׁבִים כִּי מֵת הוּא,1,בָּאֲנְטִיֹּכְיָאוּמֵאִיקֹנוּן - possible word boundary unclear,000170.png
acts,15,29,https://huggingface.co/datasets/jhonnyisaacc/hutter/resolve/main/hebrew/acts/000182.png,מֵהִצָּרוֹת לְעֵגֶל מִפְּכְרֶן גֶּמְצַתְכֶן וְכָל אֲשֶׁר לֹא הָאֲכֹל לַעֲשׂוֹת לְעַצְמְכֶם לְהַצּוֹרִים וּמֵדָּם אִם תִּצְרוּ־בוֹךְ תּוּקֶה יַאֲמִין לַכֶּם לִקְיָ אֶת־יְהוָה,לנצר מזבחי האלילים ומדם ומנחנק ומתונות וְכָל אֲשֶׁר לֹא תאבו להעשות לנפשכם לאחרים לא תעשו ומאלה אִם תִּצְרוּ נפשכם תיטיבון חזקו ויאמץ לבכם וקוו אֶל־יְהוָה,1,verse_29_highly_uncertain_many_characters_unclear,000182.png
acts,15,30,https://huggingface.co/datasets/jhonnyisaacc/hutter/resolve/main/hebrew/acts/000182.png,כַּאֲשֶׁר נִשְׁלְחוּ אֵלֶיהָ לָהֶם לַאֲנִיטוֹכְיָא נִקְרִילוּ אֶת־הֶחֲמוֹן וַיִּתְּנוּ לָהֶם אֶת־הָאִגֶּרֶת,וכַּאֲשֶׁר נִשְׁלְחוּ באו לָהֶם לַאֲנִיטוֹכְיָא ויקהילו אֶת־הֶהמוֹן וַיִּתְּנוּ לָהֶם אֶת־אִגֶּרֶת,1,verse_30_several_words_uncertain,000182.png
acts,15,32,https://huggingface.co/datasets/jhonnyisaacc/hutter/resolve/main/hebrew/acts/000182.png,וִיהוּדָה נֵשְׁלָא הָיוּ בְנָבִיאִים גַּם־הֵמָּה לֵכָּה בְּדֶבֶר נָחֲמוּ חוֹזֶק וַאֲמַצּוּ אֶת־הָאַחִים,וִיהוּדָה ושְׁילָא הָיוּ נָבִיאִים גַּם־הֵמָּה לכך בְּדֶבֶר רב נָחֲמוּ חזקו וַאֲמַצּוּ אֶת־הָאַחִים,1,verse_32_some_words_unclear,000182.png
acts,15,39,https://huggingface.co/datasets/jhonnyisaacc/hutter/resolve/main/hebrew/acts/000184.png,וַיְהִי־רִיב בֵּינֵיהֶם כֹּל אֲשֶׁר נִפְרַד אִישׁ מֵרֵעֵהוּ וּבַרְנַבָא לָקַח אֶת־מַרְקוֹס וַיֵּלֶךְ כִּפְרָה,וַיְהִי־רִיב בֵּינֵיהֶם כן אֲשֶׁר נִפְרַד אִישׁ מֵרֵעֵהוּ וּבַרְנַבָא לָקַח אליו אֶת־מַרְקוֹס וַיֵּלֶךְ כִּפְרָה,1,כִּפְרָה,000184.png
acts,16,11,https://huggingface.co/datasets/jhonnyisaacc/hutter/resolve/main/hebrew/acts/000188.png,וּכְאֲשֶׁר הָלַכְנוּ מִן טְרוֹאוֹס בִּמְרוּכוּ יָשַׁר בָּאנוּ בְּסַמוֹתְרַאקְיָא וּבַיּוֹם מַחֲר לְעַיד נְאָפּוֹלִים,וּכְאֲשֶׁר הָלַכְנוּ מִן טְרוֹאוֹס במרוץ יָשַׁר בָּאנוּ בְּסַמוֹתְרַאקְיָ וּבַיּוֹם מַחֲר לְעַיר נְאָפּוֹלִים,1,מַחֲר - the vowel under ח requires verification,000188.png
acts,16,29,https://huggingface.co/datasets/jhonnyisaacc/hutter/resolve/main/hebrew/acts/000196.png,וַיִּקָּבֵץ לְפָנֶיהֶם נִגְלֶה וּגְבֵרְעֵדָה גְדוֹלָה נָפַל אֶל נְגִלֵי פַּולוֹס יִשָּׁלֵא,ויבער לפידים וידלג וּבֵרְעֵדָה גְדוֹלָה נָפַל אֶל־רגִלֵי פַּולוֹס ושילא,3,"verse 29: word 'נִגְלֶה' - unusual form, visual unclear if Gimel or another letter | verse 29: word 'גְבֵרְעֵדָה' - complex vocalization, uncertain of all vowel marks | verse 29: final word 'יִשָּׁלֵא' - uncertain if final letter is Aleph or He",000196.png
acts,16,30,https://huggingface.co/datasets/jhonnyisaacc/hutter/resolve/main/hebrew/acts/000196.png,וַיֹּאמֶר חֲוִיצָה וַיֹּאמַר אֲדֹנִי הוּא עַרְכִי לַעֲשׂוֹת אֲשֶׁר אֵשָּׁט,ויוצאם החוצה וַיֹּאמַר אֲדֹונִי מה צרכי לַעֲשׂוֹת אֲשֶׁר אושע,2,"verse 30: word 'חֲוִיצָה' - unusual form, uncertain vocalization | verse 30: word 'עַרְכִי' - unclear if Kaf or Khaf",000196.png
acts,16,31,https://huggingface.co/datasets/jhonnyisaacc/hutter/resolve/main/hebrew/acts/000196.png,וַיָּבֵא אָמְרוּ הֶאֱמִין בִּישׁוּעַ הַשָּׂרָה וְתִשָּׁעַ אַתָּה וְכָל בֵּיתָךְ,והמה אָמְרוּ האמן בִּישׁוּעַ המשיח ותושע אַתָּ וְכָל בֵּיתָךְ,1,verse 31: word 'הַשָּׂרָה' - uncertain if Sin or Shin,000196.png
acts,16,33,https://huggingface.co/datasets/jhonnyisaacc/hutter/resolve/main/hebrew/acts/000196.png,וַיִּקָּחֵם בְּאוֹתָהּ שָׁעָה הַלַּיְלָה יִרְחַץ אֶת־מַכּוֹתֵיהֶם וַיִּטְבַּל הוּא וְכָל בֵּיתוֹ בַּבָּעַ,וַיִּקָּחֵם בְּאוֹתָהּ שעת הַלַּיְלָה ויִרְחַץ אֶת־נגעיהם וַיִּטְבַּל הוּא וְכָל בֵּיתוֹ ברגע,1,"verse 33: word 'בַּבָּעַ' - uncertain final letter, possibly Ayin",000196.png
acts,16,34,https://huggingface.co/datasets/jhonnyisaacc/hutter/resolve/main/hebrew/acts/000196.png,וַיְבִאֵם לְבֵיתוֹ וַיָּשֶׂם אֶת־הַשֻּׁלְחָן נְגִדָּם כָּל־בֵּיתוֹ מַאֲמִינִים בֵּיהוָֹה,וַיְבִיאֵם לְבֵיתוֹ וַיָּשֶׂם אֶת־הַשֻּׁלְחָן ויגל עם כָּל־בֵּיתוֹ מַאֲמִין בֵּיהוָֹה,1,verse 34: word 'נְגִדָּם' - dagesh placement uncertain,000196.png
acts,17,2,https://huggingface.co/datasets/jhonnyisaacc/hutter/resolve/main/hebrew/acts/000200.png,וְיִהִי אֵלָיו בְּהֵעָזְרוֹ וּבְלִימֵי שְׁלשָׁהּ שָׁבֻעִים יְכַבֵּד אֱלהִים בִּכְתָבִים,ופולוס בא אליהם כתעודתו ובשלושת שבתות ידבר אליהם מכְתָבִים,2,"Verse 2: Fourth word 'בְּהֵעָזְרוֹ' - unusual form, possibly בְּהֵעָדְרוֹ or similar variant | Verse 2: Sixth word 'שְׁלשָׁהּ' - final He with Mappiq visible but faint",000200.png
acts,17,3,https://huggingface.co/datasets/jhonnyisaacc/hutter/resolve/main/hebrew/acts/000200.png,וּכַעֲשׂוֹת צִדֵּק הַמִשְׁנֶה לַעֲנוֹת וְלָקוּם מִמָּתִים וּכִי זֶה הוּא אֲשֶׁר אֲנִי מַגִּיד לָהֶם,פותח ומוכיח כי צרך המשיח לַעֲנוֹת וְלָקוּם מִמָּתִים וּכִי זֶה המשיח ישוע הוּא אֲשֶׁר אֲנִי מַגִּיד לָהֶם,2,Verse 3: Second word 'צִדֵּק' - Dagesh in Dalet visible | Verse 3: Third word 'הַמִשְׁנֶה' - Shin with right dot clearly visible,000200.png
acts,17,4,https://huggingface.co/datasets/jhonnyisaacc/hutter/resolve/main/hebrew/acts/000200.png,וּמִקְצָתָם הֶאֱמִינוּ וְנִדְבָּקוּ בְּפוֹלוֹס וּשׁילַס וּבֵינֵיהֶם יְדַעֵי אֱלֹהִים הָמוֹן רַב וּבְנָשִׁים רֹאשׁוֹנוֹת לֹא מְעָשְׁוֹת,וּמִקְצָתָם הֶאֱמִינוּ וְדְבָקוּ בְּפוֹלוֹס וּשׁילַא ומיונים יראי אֱלֹהִים הָמוֹן רַב וּמנָשִׁים רֹאשׁוֹנוֹת לֹא מעטוה,2,"Verse 4: Sixth word 'וּשׁילַס' - appears to be 'Silas' without final Samekh | Verse 4: Last word 'מְעָשְׁוֹת' - unusual form, possibly מְעַטּוֹת",000200.png
acts,17,5,https://huggingface.co/datasets/jhonnyisaacc/hutter/resolve/main/hebrew/acts/000200.png,וַיִהוּדִים אֲשֶׁר אֵינָם מַאֲמִינִים קִנְאוּרַת לָקְחוּ אֱלֹהִים חֲבֵל אֲשֶׁר בְּכָל־הַקְּדֻלּוֹ וּבִתְהוֹמוֹ עַל־נַעֲרֵי נִקְבָּהוֹ עַל־בְּרָא יָסוֹ וּיְבַקְשׁוּם לַהוֹצִיאָם אֶל־הָעָם,וַיִהוּדִים אֲשֶׁר אֵינָם מַאֲמִינִים בקנאת לָקְחוּ אֱלֹהִים חֲבֵל אנשי־בליעל ויקהילו ויהמו את־כל העיר ויקומו על־בית יסון ויבקשום לַהוֹצִיאָם אֶל־הָעָם,2,Verse 5: Fourth word 'קִנְאוּרַת' - possibly two words or unusual compound form | Verse 5: Eleventh word 'הַקְּדֻלּוֹ' - Dagesh in Dalet and unusual pointing,000200.png
acts,17,6,https://huggingface.co/datasets/jhonnyisaacc/hutter/resolve/main/hebrew/acts/000200.png,וְכַאֲשֶׁר לֹא מְצָאוּם וַיִּשָּׁבֶּהוּ אֶת־יָסוֹן וְאַחִים אֶל־הָעִיר וַיַּעֲקוּ כִּי הַפֹּסְכִים כָּל־הַתֵּבֵל הִמָּה בָאוּ־גַם פֹּה,וְכַאֲשֶׁר לֹא מְצָאוּם וימשכו אֶת־יָסוֹן וקצת האַחִים אֶל־נשיאי הָעִיר זעקים כִּי הנוסחי כָּל־הַתֵּבֵל הִמָּה בָאוּ גַם הפֹּה,2,"Verse 6: Third word 'וַיִּשָּׁבֶּהוּ' - Dagesh in Shin visible, possibly וַיִּשְׁאָבוּהוּ | Verse 6: Ninth word 'הַפֹּסְכִים' - unusual word, possibly הַפֹּכְכִים or similar",000200.png
acts,17,11,https://huggingface.co/datasets/jhonnyisaacc/hutter/resolve/main/hebrew/acts/000202.png,וְהָאֵלֶּה הָיוּ הָרִים מֵאַנְשֵׁי תֶסַלוֹנִיקָא כִּי קִבְּלוּ אֶת הַדָּבָר בְּכָל תוֹך יוֹמָם וְיוֹמָם נִכְתָּבִים אוֹם יִוָּתֵר כֵּן הַדְּבָרִים הָאֵלֶּה,וְהָאֵלֶּה הָיוּ חורים מאשר בתֶסַלוֹנִיקָא כִּי קִבְּלוּ אֶת הַדָּבָר עם כל־חוש וְיוֹמָם ולילה ההגו בכְתָּבִים אם יהיו כֵּן הַדְּבָרִים הָאֵלֶּה,1,Word boundaries in verse 11 are complex due to tight spacing,000202.png
acts,17,23,https://huggingface.co/datasets/jhonnyisaacc/hutter/resolve/main/hebrew/acts/000206.png,כִּי בְהִתְהַלְּכִי וּבְחָפְשִׂי אֶת־הַמִּזְבָּחוֹת אֲשֶׁר לָכֶם מָצָאתִי גַּם מִזְבֵּחַ אֲשֶׁר בּוֹ נִכְתָּב לְאֵל לֹא נוֹדָע אֲשֶׁר בְּלִי נָכְתָּב לְאֵל אֲשֶׁר בּוֹ נִכְתָּב לְאֵל לֹא יָדַעְתֶּם אוֹתוֹ אֲנִי מַגִּיד לָכֶם,כִּי בְהִתְהַלְּכִי ובהביטי את־בית יראתכם מָצָאתִי את הבמה אֲשֶׁר בּה נִכְתָּב לְאֵל לֹא נוֹדָע לכן את־־האל אֲשֶׁר בשגגה יָרעְתֶּם אוֹתוֹ אֲנִי מַגִּיד לָכֶם,1,verse 23 contains complex text with possible printing irregularities,000206.png
acts,18,3,https://huggingface.co/datasets/jhonnyisaacc/hutter/resolve/main/hebrew/acts/000212.png,וְכִי בָּן־אֱמוּנָתָם הוּא וּצַדִּיק יִיטַב כִּי בָּאֱמוּנָתָם אוֹתוֹ יַרְאֵת הַפָּרָת,וְכִי בָּן־אמנותם הוּא ויעזב אתם ויפעל כִּי אמנותם אורגי־יריעות המה,1,verse structure unclear due to page condition,000212.png
acts,19,26,https://huggingface.co/datasets/jhonnyisaacc/hutter/resolve/main/hebrew/acts/000228.png,וַלֹאו וְשׁוֹמְעִים אַתֶּם כִּי לֹא בִּלְבַד בְּאֶפְסוֹס כִּי אַף כָּל־אַסְיָא פּוֹלוֹס הַלָּז פְּמַעַט בְּכָל־אַסְיָא פּוֹלוֹס נָלָז מַסִּיחַ וּמֵסִיב עַם רַב לֵאמֹר כִּי אֵינָם אֱלֹהִים אֲשֶׁר בְּיָדַיִם נֶעֱשׂוּ,ורואים וְשׁוֹמְעִים אַתֶּם כִּי לֹא בִּלְבַד בְּאֶפְסוֹס כִּי אם כמעט בכָל־אַסְיָא פּוֹלוֹס הַלָּז מפתה ומסית עַם רַב לֵאמֹר כִּי אֵינָם אֱלֹהִים אֲשֶׁר בְּיָדַיִם נֶעֱשׂוּ,1,verse 26 contains unusual text flow and possible printing irregularities,000228.png
acts,19,31,https://huggingface.co/datasets/jhonnyisaacc/hutter/resolve/main/hebrew/acts/000230.png,וְאַנְשִׁים אֲחָדִים מִנְּשִׂיאֵי אַסְיָא רָעָיו בְּפוֹלוֹם שָׁלְחוּ אֵלָיו וַיִּתְחַנְּנוּ לוֹ מֵחֲדָא אֶת־נַפְשׁוֹ לְבֵית הַקָּהָל,וְאַנְשִׁים אֲחָדִים מִנְּשִׂיאֵי אַסְיָא רָעָי פוֹלוֹס שָׁלְחוּ אֵלָיו וַהתְחַנְּנוּ לוֹ מתתו אֶת־נַפְשׁוֹ לְבֵית הַקָּהָל,1,"מֵחֲדָא - unusual form, verify",000230.png
acts,19,34,https://huggingface.co/datasets/jhonnyisaacc/hutter/resolve/main/hebrew/acts/000232.png,וַיְהִי כַּאֲשֶׁר דָּמָם הַסּוֹפֵר אֶת־הַכֶּסֶף הַנִּמְצָא בֵּית־יְהוָה וַיִּתְּנֻהוּ עַל־יַד עֹשֵׂי הַמְּלָאכָה הַמֻּפְקָדִים בֵּית יְהוָה וַיּוֹצִיאֻהוּ לְעֹשֵׂי הַמְּלָאכָה אֲשֶׁר עֹשִׂים בְּבֵית יְהוָה,ובדעתם כ יהודי הוא בקול אחד כלם יחדו צעקו לשתי שעות לאמר גדלה היא ארטמיס,1,verse number partially obscured,000232.png
acts,19,37,https://huggingface.co/datasets/jhonnyisaacc/hutter/resolve/main/hebrew/acts/000232.png,וַיֹּאמֶר חֲזָאֵל מַדּוּעַ אֲדֹנִי בֹכֶה וַיֹּאמֶר כִּי יָדַעְתִּי אֵת אֲשֶׁר־תַּעֲשֶׂה לִבְנֵי יִשְׂרָאֵל רָעָה אֶת־מִבְצְרֵיהֶם תְּשַׁלַּח בָּאֵשׁ וּבַחֻרֵיהֶם בַּחֶרֶב תַּהֲרֹג וְעֹלְלֵיהֶם תְּרַטֵּשׁ וְהָרֹתֵיהֶם תְּבַקֵּעַ,הולכתם את־האנשים האלה אשר לא בזזו את־ההיכל ולא קללו את־אלהתכם,1,some nikud marks unclear due to print quality,000232.png
acts,20,35,https://huggingface.co/datasets/jhonnyisaacc/hutter/resolve/main/hebrew/acts/000244.png,כָּל־דְּבָרִים הוֹרֵיתִי לָכֶם כִּי כֹּה שָׁוֶה לָנוּ לְקַבֵּל אֶת־הַחֲלוּיִם לָזֵכֶר דִּבְרֵי אֲדֹנֵינוּ יֵשׁוּעַ כִּי הוּא אָמַר אָשְׁרֵי־הָאִישׁ הַמַּתִּיר לָחֶם מִשֵּׂאת,כָּל־דְּבָרִים חויתי לָכֶם כִּי כֹּה שָׁוֶה לָנוּ לְקַבֵּל אֶת־הַחֲלוּיִם לָזֵכֶר דִּבְרֵי אֲדֹנֵינוּ יֵשׁוּעַ כִּי הוּא אָמַר אָשְׁרֵי־הָאִישׁ המותיר לתת מִשֵּׂאת,2,הַחֲלוּיִם | הַמַּתִּיר,000244.png
acts,21,28,https://huggingface.co/datasets/jhonnyisaacc/hutter/resolve/main/hebrew/acts/000256.png,וַיִּקְרָאוּ אַנְשֵׁי יִשְׂרָאֵל עִזְרוּ כִּי זֶה הוּא הָאִישׁ אֲשֶׁר עַל־הָעָם וְעַל־הַתּוֹרָה וְעַל־הַמָּקוֹם יְהוָה אֶת־כֻּלָּם בְּכָל־מְקוֹמִים מְלַמֵּד וְגַם־אֱנוֹשׁ מִי־הֵבִיא לְהֵיכָל וַיְחַמְּאָ אֶת־מְקוֹשׁ הַקֹּדֶשׁ הַזֶּה,וזועקים אַנְשֵׁי יִשְׂרָאֵל עִזְורוּ כִּי זֶה הוּא האנוש אֲשֶׁר עַל־הָעָם וְעַל־הַתּוֹרָה וְעַל־הַמָּקוֹם הזה אֶת־כֻּלָּם בְּכָל־מְקוֹמִים מְלַמֵּד ועודנו מוליך בהֵיכָל ומטמא אֶת־מְקוֹם הַקֹּדֶושׁ הַזֶּה,2,word after וְגַם - may be אֱנוֹשׁ or אֱנוֹשִׁים | word before הַקֹּדֶשׁ - may be מְקוֹשׁ or מָקוֹם,000256.png
acts,21,29,https://huggingface.co/datasets/jhonnyisaacc/hutter/resolve/main/hebrew/acts/000256.png,כִּי לְרָאוּ אֶת־טְרוֹפִימוֹט הָאֶפֶסִי בְּעִיר עִלָּיו חָשְׁבוּ כִּי בְּהֵיכָל הִוּל בְּגוֹ,כִּי רָאוּ אֶת טְרוֹפִימוֹס הָאֶפֶסִי בְּעִיר עתו אותו חָשְׁבוּ כִּי בְּהֵיכָל הוליכנו,1,word after בְּהֵיכָל - may be הִוּל or הֵבִיא,000256.png
acts,21,30,https://huggingface.co/datasets/jhonnyisaacc/hutter/resolve/main/hebrew/acts/000256.png,וַתֻּהוֹם כָּל־הָעִיר וַיֵּהִי מְרוּצַת הָעָם וַיִּתְפְּשׂוּ בִּפְלוּס וַיִּמְשְׁכוּ אוֹתוֹ מֵחוּץ לְהֵיכָל גְּבוּרוֹת וְסָגְרוּ הַדְּלָתוֹת,וַתֻּהם כָּל־הָעִיר וַתהִי מְרוּצַת הָעָם וַיִּתְפְּשׂוּ את־פְולוּס וַיִּמְשְׁכוּ אוֹתוֹ מֵחוּץ לְהֵיכָל ומהרה נסגרו הַדְּלָתוֹת,1,word after לְהֵיכָל - may be גְּבוּרוֹת or other variant,000256.png
acts,21,33,https://huggingface.co/datasets/jhonnyisaacc/hutter/resolve/main/hebrew/acts/000258.png,וַיְקֹרֵב טָרֳי אֵלֵּף וּלְקָחָהוּ וַיֹּשֶׁב יֵאָסֵרֻהוּ בְּשְׁנֵי אֲלוּשִׁים בְּחוּקִי,וַיְקֹרֵב שר אֵלֵּף וּיקָחָהוּ וַיֹּצו ויֵאָסֵרֻהוּ בְּשְׁנֵי־אזקים ויחקר מי הוא ומה מעשיו,1,יֵאָסֵרֻהוּ - middle vowel pattern unclear,000258.png
acts,21,34,https://huggingface.co/datasets/jhonnyisaacc/hutter/resolve/main/hebrew/acts/000258.png,וַצְרוּדִים צָעַק מִי הוּא אֲדוֹנָיו פְּנָעַם בָּנָאִשׁר לֹא יָכֹל לָדַעַת אֱת־אֱמָה בְּעַבוּר הַבְּלוֹת וַיְשֵׁן לִהֲבִיאֹ אֵל־דְּוֹמְהַתוֹת,ואחרים זעקו את־אחרות בעם וכאשר לֹא יוכֹל לָדַעַת אֱת־אֱמָת בְּעַבוּר המלה ויצו לִהֲבִיאֹו אֵל־המחנה,2,צָעַק - second vowel could be Tsere | בָּנָאִשׁר - unusual spelling,000258.png
acts,21,36,https://huggingface.co/datasets/jhonnyisaacc/hutter/resolve/main/hebrew/acts/000258.png,אֲהַר הוּא גַּבֵּר יָמָא סָגִיא וַיִּקְרָא נָצִיק שְׁאִיֹהוֹ,ותבוא אחריו המון עם רב צעוק שְׁאוהוֹ,2,יָמָא - unusual form | סָגִיא - Aramaic influence,000258.png
acts,21,37,https://huggingface.co/datasets/jhonnyisaacc/hutter/resolve/main/hebrew/acts/000258.png,וַיַּחַל פּוּלִוש לְהָגִיד אֵל־תֵּי אַתָּה נָאִיכִיא סֶר מַשִּׁירֵהוּ פֵּלִוֹס,ובהחַל פּוּלִוס להובא אֵל־המחנה אמר לשר אלף אם כשר לפניך לדבר אליך והוא אמר הידעתה יונית,1,נָאִיכִיא - unclear vowel pattern,000258.png
acts,21,39,https://huggingface.co/datasets/jhonnyisaacc/hutter/resolve/main/hebrew/acts/000258.png,וַיֹּאמֵר פּוּלִוש אָנִי אִישׁ יְהוּדִי מִטַּרְסוּס עִיר קִילִיכִּיָא מִתְחַלֵל וַאֲשֶׁל אִין מִמְּךָ אֱת־נִבְחַר לְדַבֵּר אֵל־נָעַם,וַיֹּאמֵר פּוּלִוס אָנִי אִישׁ יְהוּדִי מִטַּרְסוּס עִיר קִילִיקיָא מהללה עירני שואל אני מִמְּךָ הניחה לי לְדַבֵּר אֵל־העַם,2,מִתְחַלֵל - unclear vocalization | נִבְחַר - dagesh unclear,000258.png
acts,22,17,https://huggingface.co/datasets/jhonnyisaacc/hutter/resolve/main/hebrew/acts/000264.png,וַיְהִי בְּשׁוּבִי יְרוּשָׁלַיְמָה וּבְהִתְפַּלְלִי בֵּיתְהַכֶּל כִּי חָרֵב הָיִיתִי בִּתְמוּרַתִי,וַיְהִי־בְּשׁוּבִי יְרוּשָׁלַיְמָה וּבְהִתְפַּלְלִי בֵּהַיכֶּל כִּי הָיִיתִי בתרדמה,1,בֵּיתְהַכֶּל - unclear if כ or כּ,000264.png
acts,23,6,https://huggingface.co/datasets/jhonnyisaacc/hutter/resolve/main/hebrew/acts/000270.png,וּבְכֵן יָדַע פּוּלוֹם כִּי חֵלֶק אֶחָד הָיָה מִצַּדּוּקִים וְחֵלֶק אֶחָד מִפְּרוּשִׁים וַיִּקְרָא בָּעֵדָה הָאֲנָשִׁים אַחַי אֲנִי פְּרִישִׁי הוּא בֵּן פְּרוּשִׁים וְעַל־תִּקְוַת תְּקוּמַת אָבוֹל,וכי יָדַע פּוּלוֹס כִּי חֵלֶק אֶחָד הָיָה מִצַּדּוּקִים וְחֵלֶק אֶחָר מִפְּרוּשִׁים וַיִּקְרָא בָּעֵדָה הָאֲנָשִׁים אַחַי אֲנִי מפרש הוּא בֵּן־נדון המתים המפרש וְעַל־תִּקְוַה ותְּקוּמַת אנכי,1,verse_6_incomplete,000270.png
acts,27,3,https://huggingface.co/datasets/jhonnyisaacc/hutter/resolve/main/hebrew/acts/000312.png,וְלִיּוֹם הַבָּא תָּגַעְנוּ בְּצִידוֹן וְיוּלִיּוֹס יְחַלֵּס אֶת־פּוֹלוֹס בְּחֶסֶד וּנָהַל אֲלֵהוּ כְּלֶכֶת אֶל־רֵעָיו לְבַקֵּשׁ דְּרוֹז רְצוֹה רְבָאוֹת לָשׁוּן נִקָּרִי לְעַצְמוֹתָיו,וְלִיּוֹם הַבָּא פגענו בְּצִידוֹן וְיוּלִיּוֹס התהלך אֶת־פּוֹלוֹס ברך וחֶסֶד והניחו ללכת אֶל־רֵעָיו לְבַקֵּשׁ רויה רוחה רפאות לשרו ושקוי לְעַצְמוֹתָיו,1,תָּגַעְנוּ possibly different nikud pattern,000312.png
acts,27,40,https://huggingface.co/datasets/jhonnyisaacc/hutter/resolve/main/hebrew/acts/000324.png,וַיְסִירוּ אֶת־הָאֲשֶׁר עַלוּ אֶת־הָעֲגוּנוֹת הָאֳנִיָּה אַנִיָּה לַיָּם וּפָתְחוּ הַתִּירוּ אֶת־עֲמֻדֵי הַחֻבֹּלָה וַהֲרִימוּ נֵס גָּדוֹל לָרוּחַ נָשְׁבָה בּוֹ לַחְקֹף אֶת־הַגָּבְשָׁה,וכאשר גללו אֶת־העגות הניחו אַנִיָּה לַיָּם וכאחד הַתִּירוּ אֶת־צמידי התחבולה וַהֲרִימוּ נֵס גָּדוֹל לָרוּחַ נָשְׁבָה בּוֹ לַתקֹוף אֶת־הַיבְשָׁה,2,הָאֲשֶׁר | עֲגוּנוֹת,000324.png
acts,27,41,https://huggingface.co/datasets/jhonnyisaacc/hutter/resolve/main/hebrew/acts/000324.png,וּבִנְפֹל אוֹתָנוּ אֶל־מָקוֹם מִשְׁתַּיִם הִתְקְדִימוּ בְּתֹקֵף אֶת־הָאֳנִיָּה וְרֹאשׁ הָאֳנִיָּה בָחֵת לַעֲמֹד וְלֹא נָמוֹט אַךְ אֲחוֹרָה קָרַע בְּעַם הַדַּכְאוֹן וְהַגַּלִּים,וּבִנְפול אוֹתָנוּ אֶל־מָקוֹם מִשְׁפתַּיִם הִתְקְדִימוּ בְּתֹקֵף אֶת־הָאֳנִיָּה וְרֹאשׁ הָאֳנִיָּה נחֵת לַעֲמֹד וְלֹא נָמוֹט אַךְ אֲחוֹרו נקָרַע בְּעַים הרוח וְהַגַּלִּים,2,בָחֵת | הַדַּכְאוֹן,000324.png
corinthians1,3,10,https://huggingface.co/datasets/jhonnyisaacc/hutter/resolve/main/hebrew/corinthians1/000018.png,כְּחֶסֶד אֱלֹהִים וְהַחֶסֶד לִי כַּמָּה הָדְלֵק הָכָם שַׂרְתִּי אֶת־כֹּסֶד בֹּנֶה עָלָיו אִישׁ אַחַר וְאִישׁ יִרְאֶה עַל יְבְנֶה עָלָיו,כתחנת אֱלֹהִים הנתנה לִי כמו חרש חכם שַׂתִּי אֶת־יסֶוד ואחר יבֹנֶה עָלָיו אִישׁ אִישׁ יִרְאֶה איך יְבְנֶה עָלָיו,1,"הָדְלֵק - unusual form, possibly הֳדְלַק or הָדֵּק",000018.png
corinthians1,4,13,https://huggingface.co/datasets/jhonnyisaacc/hutter/resolve/main/hebrew/corinthians1/000026.png,מְגַדְּפִים נְחַלֵּץ כַּסְּרֵי הָעוֹלָם נִהְיֵנוּ סִיג וּמְאוּס כֻּלָּם כְּסוּרָה בָּעֶרֶךְ תְּנוֹסֶת עַד־הַיּוֹם הַזֶּה,מנאצים נתחנן כמו מדמנות העולם היינו סחי וּמְאוּס כֻּלָּם כְּסוּחה בקרב חצות עַד הַיּוֹם הַזֶּה,1,"כַּסְּרֵי - unusual form, possibly printing variant",000026.png
corinthians1,4,16,https://huggingface.co/datasets/jhonnyisaacc/hutter/resolve/main/hebrew/corinthians1/000028.png,פָּרְתַּנְתּוֹ רוּעְגוֹהוֹס קוּאֵ־מֵ יְמִיתֵיס,לכן שאל אני ממכם תדמו לי,1,verse_16_transcription_requires_verification,000028.png
corinthians1,5,12,https://huggingface.co/datasets/jhonnyisaacc/hutter/resolve/main/hebrew/corinthians1/000034.png,כִּי־מָה אַפִי נַעֲשֶׂר בְּהוֹן הוּא לִשְׁפֹּט יֵאוֹתוּ הֲלֹא אֶת־אֲשֶׁר בְּבֵית הַשֹּׁפֵט׃,כִּי־מָה אלי ואשר בחוץ הוּא לִשְׁפֹּט אוֹתוּ הֲלֹא אֶת־אֲשֶׁר בְּבֵית תשפטו,2,"Verse 12: Word 3 'נַעֲשֶׂר' - uncertain vocalization, may be different vowel pattern | Verse 12: Word 4 'בְּהוֹן' - unusual lexical form, transcribed as visible",000034.png
corinthians1,6,1,https://huggingface.co/datasets/jhonnyisaacc/hutter/resolve/main/hebrew/corinthians1/000034.png,אִישׁ אִישׁ מִכֶּם אֲשֶׁר לוֹ דִּבַּר עַל־דִּבְרֵהוּ וְיִתְמַלֵּא לְבוֹ לִשְׁפֹּט לִפְנֵי הָרְשָׁעִים וְלֹא לִפְנֵי הַקְּדוֹשִׁים׃,אִישׁ אִישׁ ממִכֶּם אֲשֶׁר לוֹ דִּבַּר עַל־רעהו הימלאו לְבוֹ לִהשְׁפֹּט לִפְנֵי־הָרְשָׁעִים וְלֹא לִפְנֵי הַקְּדוֹשִׁים׃,2,"Verse 1: Opening has ornamented letter, transcribed as part of word | Verse 1: Word 7 'וְיִתְמַלֵּא' - uncertain vocalization pattern",000034.png
corinthians1,6,2,https://huggingface.co/datasets/jhonnyisaacc/hutter/resolve/main/hebrew/corinthians1/000034.png,הֲלֹא יְדַעְתֶּם כִּי־הַקְּדוֹשִׁים יִשְׁפְּטוּ אֶת־הָעוֹלָם וְאִם בָּכֶם יִשְׁפֹּט הָעוֹלָם הֲלֹא תִשְּׁוּ בָכֶם בְּמִשְׁפָּטִים קְטַנִּים מְזָה׃,הֲלֹא יְדַעְתֶּם כִּי־הַקְּדוֹשִׁים יִשְׁפְּטוּ אֶת־הָעוֹלָם וְאִם בָּכֶם יִשְׁפֹּט הָעוֹלָם הֲלֹא ישוו לכֶם מִשְׁפָּטִים קְטַנִּים הזה׃,1,"Verse 2: Last word 'מְזָה' - unusual form, transcribed as visible",000034.png
corinthians1,6,4,https://huggingface.co/datasets/jhonnyisaacc/hutter/resolve/main/hebrew/corinthians1/000034.png,וְאִם עַל־דברי העולם הזה יִשׁ לָכֶם לִשְׁפֹּוט אוֹ זֹלוֹת לִבְנֵי אָדָם אֲשֶׁר בקהלה תושיבון בְּמִשְׁפָּט׃,וְאִם עַד־הֵנָה תְּבִיעוֹת הַתַּהְוָה יִשׁ לָכֶם לִשְׁפֹּט אוֹ זֹלוֹת לִבְנֵי אָדָם אֲשֶׁר בִּקְהַלַּת הַשֹּׁפֵט בְּמִשְׁפָּט׃,3,"Verse 4: Word 4 'תְּבִיעוֹת' - uncertain vocalization | Verse 4: Word 5 'הַתַּהְוָה' - unusual form, transcribed as visible | Verse 4: Word 9 'זֹלוֹת' - uncertain vocalization",000034.png
corinthians1,8,1,https://huggingface.co/datasets/jhonnyisaacc/hutter/resolve/main/hebrew/corinthians1/000052.png,וְעַל־דְּבָרִי אֱלִילִים יֹדְעַנוּ כִּי לָנוּ יֵשׁ דֵּעָה וְדֵּעָה מִתּוֹחַת וְהָאַהֲבָה בּוֹנֶה,וְעַלי־זבחי אֱלִילִים יֹדְעַנוּ כִּי־לכלָנוּ יֵשׁ דֵּעָהוהדע מפיחה וְהָאַהֲבָה בּוֹנֶה,1,מִתּוֹחַת - unusual word form,000052.png
corinthians1,9,7,https://huggingface.co/datasets/jhonnyisaacc/hutter/resolve/main/hebrew/corinthians1/000058.png,מִי גַם בַּמִּלְחֶמָה בַּחֲצָאוֹת עַצְמוֹ כִּי־עֵת אוֹ־מִי נֹטַע כֶּרֶם וּמִפִּרְיוֹ לֹא יֹאכַל אוֹ־מִי רֹעֶה צֹאן וּמֵחָלָב הַצֹּאן לֹא אָכַל,מִי נלחם מלמחה כתוצאות עַצְמוֹ בכל־עֵת אוֹ־מִי נֹטַע כֶּרֶם וּמִפִּרְיוֹ לֹא אוכל אוֹ מִי רֹעֶה צֹאן וּמֵחָלָב הַצֹּאן לֹא אוכל ,1,Verse 7: Some spacing and word boundaries in the long verse are uncertain due to line length,000058.png
corinthians1,9,12,https://huggingface.co/datasets/jhonnyisaacc/hutter/resolve/main/hebrew/corinthians1/000060.png,אִם אֲחֵרִים לְשִׁלְטוֹן עֲלֵיכֶם כַּמָּה יוֹתֵר שָׁנָה אִם לֹא לָנוּ אֲבָל לֹא נְתַעֵנוּ בִשְׁלְטוֹנֵנוּ כֹּל בַּר יִבְעַת אֶחָד נוֹגֵעַ בְּשׁוֹנָת הַמָּשִׁיחַ,אִם אֲחֵרִים לוקחים להם שִׁלְטוֹן עֲלֵיכֶם כַּמָּה יוֹתֵר שוה אך לֹא לקחנו לנו־את שלטון הזאת כי אם כלכלתי כֹּל פן כיגיע אחד נוגיע בְּשׁוֹרת הַמָּשִׁיחַ,1,Verse 12 is very long and complex; some vowel marks may be ambiguous due to print quality,000060.png
corinthians1,10,17,https://huggingface.co/datasets/jhonnyisaacc/hutter/resolve/main/hebrew/corinthians1/000070.png,כִּי לֶחֶם אֶחָד גְּלִיָּא אֲנַחְנוּ הָרַבִּים בַּיִת אֶחָד וּבְכֻסּוֹס אַחַת מִתְחַבְּרִים אֲנַחְנוּ,כִּי־לֶחֶם אֶחָד גויה אחת רַבִּים אנחנו כלנו אשר מלחם אֶחָד (ומכוס אחת) מִתְחַבְּרִים אֲנַחְנוּ,1,verse 17 shows significant lexical variants,000070.png
corinthians1,12,2,https://huggingface.co/datasets/jhonnyisaacc/hutter/resolve/main/hebrew/corinthians1/000086.png,יְדַעְתֶּם כִּי בַּאֲשֶׁר הֱיִיתֶם גּוֹיִם אֶל הָאֱלֹהִים אֵלָּלִים כַּפִּי הַמֵּם וּלֹא יְדַבֵּרוּ כְּמוֹ אֲשֶׁר הוֹלַכְתֶּם אֶתְכֶם,יְדַעְתֶּם כִּי כאֲשֶׁר הֱיִיתֶם גּוֹיִים הלכתם אֶל־האֵלילִים פה להם וּלֹא יְדַבֵּרוּ כְּמוֹ אֲשֶׁר הוליכו אֶתְכֶם,2,Verse 2 appears incomplete or continues beyond visible portion | Word boundary between כַּפִּי הַמֵּם uncertain due to line break,000086.png
corinthians1,12,8,https://huggingface.co/datasets/jhonnyisaacc/hutter/resolve/main/hebrew/corinthians1/000086.png,וּלְאֶחָד בְּרוּחַ נִתָּן דְּבַר חָכְמָה וּלְאֶחָד דְּבַר בֵּינָה בְּרוּחַ הַהוּא,וּלְאֶחָד בְּרוּחַ נִתָּן דְּבַר חָכְמָה וּלְאֶחָד דְּבַר בֵּינָה כרוּחַ הַהיא,1,Final word הַהוּא - Hataf vowel verification needed on הַ,000086.png
corinthians1,12,9,https://huggingface.co/datasets/jhonnyisaacc/hutter/resolve/main/hebrew/corinthians1/000086.png,וּלְאֶחָד אֱמוּנָה בְּרוּחַ הַהוּא וּלְאֶחָד מַתְּנוֹת רִפְאוּאוֹת בְּרוּחַ הַהוּא,וּלְאֶחָר האֱמוּנָה כרוּחַ הַהיא וּלְאֶחָר מַתְּנוֹת הרִפְוּאוֹת כרוּחַ הַהיא,1,"רִפְאוּאוֹת - unusual orthography with double aleph, transcribed as visible",000086.png
corinthians1,12,28,https://huggingface.co/datasets/jhonnyisaacc/hutter/resolve/main/hebrew/corinthians1/000092.png,וַיָּאוֹתִ אֵלֹהִים בַּקְּהִלָּה בָּרִאשׁוֹנָה אֶת־הַשְּׁלִיחִים שֵׁנִית הַנְּבִיאִים שְׁלִישִׂרֵה אֶת־הַכֹּהֲנִים וְאַחֲרֵיהֶם אֶת־הַכֹּחוֹת הַקְּדוֹשִׂים מַצִּילִים בְּחֲבָלוֹת וּמֵימֵי הַלְשׁוֹנוֹת,וישם אֵלֹהִים בַּקְּהִלָּה בָּרִאשׁוֹנָה אֶת הַשְּׁלִיחִים שֵׁנִית את־הַנְּבִיאִים שְׁלִישִׂית אֶת־המלמדים וְאַחֲרֵיהֶם אֶת־הַכֹּחוֹת ואחרי־כן מתנות הרפואות מעוים תחבולות ומיני הַלְשׁוֹנוֹת,1,"וַיָּאוֹתִ - first word difficult, possible alternative reading",000092.png
corinthians1,13,12,https://huggingface.co/datasets/jhonnyisaacc/hutter/resolve/main/hebrew/corinthians1/000096.png,בַּעֲבוּטִים אֲנַחְנוּ עַתָּה רֹאִים כְמַרְאוֹה בַּיְהוּדָה וְאַז מִינִים אֶל־פָּנִים פֹּה יִדְעֵם אֹתוֹ כְמוֹ נוֹדַעְתִּי וְאָז יָדַעְתִּי כְּמוֹ גַם־נוֹדַעְתִּי,מביטִים אֲנַחְנוּ עַתָּה כמו במַרְאה בחידה ואו מפנים אֶל־פָּנִים עת יודעים אנחנו בחלק ואז נדעה כמו נודעה,1,"Verse 12: Character בַּעֲבוּטִים - first word unclear, possibly variant spelling",000096.png
corinthians1,14,5,https://huggingface.co/datasets/jhonnyisaacc/hutter/resolve/main/hebrew/corinthians1/000098.png,וּמֵהֵר אֲנִי אֲשֶׁר לְכֻלְּכֶם תְּדַבְּרוּ לְשׁוֹנוֹת וּלְאַנְשִׁים מְדַבְּרוּ כִּי־הַמִּתְנַבֵּא גָדוֹל הוּא מִמְדַבֵּר בִּלְשׁוֹנוֹת כִּבְלֵד אִם בִּנְבִיא הוּא אֲשֶׁר נִקְרַאת מִבֵּן תִּבֶן חֵק מִמֶּנּוּ,ומי־יתן אֲשֶׁר כֻלְּכֶם תְּדַבְּרוּ בלְשׁוֹנוֹת אך יותר אשר תתנבאון כִּי־הַמִּתְנַבֵּא גָדוֹל הוּא מִמְדַבֵּר בִּלְשׁוֹנוֹת בלבד אִם מבאר הוּא הקהלה מבנה תקח מִמֶּנּוּ,3,"Word 'לְכֻלְּכֶם' - double lamed uncertain, could be printing artifact | Word 'כִּבְלֵד' - unusual form, may be misread | Final phrase ambiguous due to complex nikud",000098.png
corinthians1,15,40,https://huggingface.co/datasets/jhonnyisaacc/hutter/resolve/main/hebrew/corinthians1/000120.png,וּגְוִיּוֹת הַשָּׁמַיִם גּוּפוֹת בַּמְּדִינָה וְהָעָצֶר וְגַם כְּבוֹד אַךְ הוּא לִגְוִיּוֹת הַשָּׁמַיִם וְגַם אַךְ לְכָבוֹד לַגִּוֹת הָאָרְצִי,וגופות הַשָּׁמַיִם וגּוּפוֹת מתחת הארץ וְגַם כְּבוֹד אחר הוּא לגופות הַשָּׁמַיִם וְגַם אחר לאשר מתחת הארץ,1,"Verse 40 contains several unusual forms: 'בַּמְּדִינָה', 'הָעָצֶר', 'לַגִּוֹת' - transcribed as visible but may be non-standard",000120.png
corinthians1,15,41,https://huggingface.co/datasets/jhonnyisaacc/hutter/resolve/main/hebrew/corinthians1/000120.png,אַךְ כְּבוֹד לַשֶׁמֶשׁ וּכְבוֹד אַךְ הוּא לַלְּבָנָה וּכְבוֹד אַךְ לַכּוֹכָבִים כִּי מַהֲלֶכֶת הָיא בּוֹ כּוֹכָב לְכוֹכָב בַּכָּבוֹד,כְּבוֹד אחר לַשֶׁמֶשׁ וּכְבוֹד אחר לַלְּבָנָה וּכְבוֹד אחר לַכּוֹכָבִים כִּי מחלקת הָיא בין כּוֹכָב לְכוֹכָב בַּכָּבוֹד,1,Verse 41 contains unusual form 'מַהֲלֶכֶת' - transcribed as visible,000120.png
james,2,25,https://huggingface.co/datasets/jhonnyisaacc/hutter/resolve/main/hebrew/james/000016.png,וְגַם־כֵּן גַּם רָחָב אִשָּׁה זוֹנָה הֲלֹא מִמַּעֲשִׂים נִצְדְּקָה בְּקַבְּלָהּ אֵת הַמַּלְאָכִים וַיְּבָרֶךָ אֲתֵי בְּשָׁבוּחַ,וכמו כֵּן גַּם רָחָב אִשָּׁה זוֹנָה הֲלֹא מִמַּעֲשִׂים נִצְדְּקָה המקַבְּלָהּ אֵת־הַמַּלְאָכִים ובדרך אחר משלחה,1,Verse 25: Final word 'בְּשָׁבוּחַ' may have variant reading - unclear if this is the exact form,000016.png
james,3,1,https://huggingface.co/datasets/jhonnyisaacc/hutter/resolve/main/hebrew/james/000016.png,אַל־תִּרְבּוּ מְלַמְּדִים רַבִּים בְּכֶם אַחַי יוֹדְעִים כִּי בְשָׁפַט גָּדוֹל נְאַחֲרִים נִשָּׁא,אַל־יהיו מְלַמְּדִים רַבִּים בְּכֶם יוֹדְעִים כִּי־ משָׁפַט גָּדוֹל מאַחֲרִים נִשָּׁא,1,Verse 1: Word 'נְאַחֲרִים' or 'נְאַתֲרִים' - middle letter uncertain,000016.png
james,3,16,https://huggingface.co/datasets/jhonnyisaacc/hutter/resolve/main/hebrew/james/000022.png,כִּי אֲשֶׁר קִנְאָה וּמְרִיבָה שָׁם הַרְהִי מְעֻשָּׂה שָׁלֹא הַדָּבְרִים שֹׁלְחַן טְרִידָה וְכׇל מַעֲשֶׂה רָע,כִּי־איה קִנְאָה וּמְרִיבָה שָׁם הדחי וכל־מְעֻשָּׂה שוא,1,Word boundaries in verse 16 need verification,000022.png
james,3,17,https://huggingface.co/datasets/jhonnyisaacc/hutter/resolve/main/hebrew/james/000022.png,וְהַחָכְמָה אֲשֶׁר מִלְמַעְלָה בָרִאשֹׁנָה וּפַה זַכָּה הִיא וְאַחַר־כֵּן נְתַרְדְּפֵיהָ סְלִיחָה וְעֶרֶךְ שָׁלוֹם נְתַרְדְּפֵי חֶסֶד וּרְחַמִים וּמְלֵאָה בַּעֲשִׂים טוֹבִים וּבִלְתִּי חִלּוּק נִמְרֶמָה,וְהַחָכְמָה אֲשֶׁר מִלְמַעְלָה בָרִאשֹׁנָה זַכָּה הִיא וְאַחַרי־כֵּן תבקש שלום ותרדפהו סְלִחָה שומעה ליקהה מְלֵאָה חסד ורחמים ומלאה מעֲשִׂים טוֹבִים לא מתנכרת ובלי־תך ומרמה,1,Complex verse with multiple compounds,000022.png
james,4,2,https://huggingface.co/datasets/jhonnyisaacc/hutter/resolve/main/hebrew/james/000022.png,אַתֶּם תִּרְאוּ בְּמִשְׁפָּטִים וְאֵין הִתְרַגְּזוּ וְקִנֵּאתֶם וְלֹא תַּכְלוּלוּ הֲלֹא תִלְחֲמוּ וְלֹא יִהְיֶה לָכֶם עַל כִּי לֹא שָׁאַלְתֶּם אֹתוֹ,אף־כי־תתאוו בנפשכם ואין תהרגו ותקנאו וְלֹא תוכלו להחזיק רוב תריבו ותִלְחֲמוּ וְלֹא יִהְיֶה לָכֶם עַל־כִּי־לֹא שואלים אתם,1,Verse 2 has complex word boundaries,000022.png
james,4,17,https://huggingface.co/datasets/jhonnyisaacc/hutter/resolve/main/hebrew/james/000028.png,כִּי אֲשֶׁר יוֹדֵעַ לַעֲשׂוֹת טוֹב וְלֹא עֹשֵׂהוּ חַטָּאת לוֹ דָבָר בְּרֹאשׁ,כִּי־אֲשֶׁר יוֹדֵעַ לַעֲשׂוֹת טוֹב וְלֹא עֹשֵׂהוּ חַטָּאה לוֹ דמו בְּרֹאשׁו,1,"בְּרֹאשׁ - Final word unclear, may be punctuation mark not fully visible",000028.png
james,5,3,https://huggingface.co/datasets/jhonnyisaacc/hutter/resolve/main/hebrew/james/000028.png,זְהַבְכֶם וְכַסְפְּכֶם נֶחְלַאוּ וְחֶלְאָתָם תִּהְיֶה לָכֶם לְעוֹן צְוֹרֵרֶת וְחֶלְאָתָם תְּהִי בְּבְשַׂרְכֶם כְּמוֹ אֵשׁ צְוַרְתֶּם לָכֶם לַאֲחֲרִית הַיָּמִים,זְהַבְכֶם וְכַסְפְּכֶם עששו ועשהם יהיה להם לעדות ויאכל את־בְשַׂרְכֶם כְּמוֹ אֵשׁ אשר אצרתם לָכֶם לַאֲחֲרִית הַיָּמִים,2,צְוֹרֵרֶת - uncertain reading | צְוַרְתֶּם - uncertain reading,000028.png
james,5,4,https://huggingface.co/datasets/jhonnyisaacc/hutter/resolve/main/hebrew/james/000028.png,הִנֵּה שְׂכַר הַפּוֹעֲלִים הַשְּׁכִיל הַקּוֹצְרִים אֶת־אֲדָמוֹתֵיכֶם אֲשֶׁר מִמֶּכֶם קוֹרֵא נִבְזֶךָ וְנִזְעֲקוּ הַקּוֹצְרִים בָּאוּ עַל אָזְנֵי יְהוָה צְבָאוֹת,הִנֵּה שְׂכַר הַפּוֹעֲלִים אשר קצרו אֶת־אֲרציכֶם השכול מִמֶּכֶם קוֹרֵא וזועק וזעקת הַקּוֹצְרִים בָּאה עַל־אָזְנֵי יְהוָה צְבָאוֹת,2,הַשְּׁכִיל - uncertain reading | נִבְזֶךָ - uncertain reading,000028.png
james,5,6,https://huggingface.co/datasets/jhonnyisaacc/hutter/resolve/main/hebrew/james/000028.png,תִּנְבֶה נִרְגָּמוּ אֶת־הַצַּדִּיק אֲשֶׁר לֹא וַהֲקוֹמֶם עֲלֵיכֶם,חיבתם והרגתם אֶת־הַצַּדִּיק אֲשֶׁר לֹא הֲתקוֹמֶם עֲלֵיכֶם,3,תִּנְבֶה - uncertain reading | נִרְגָּמוּ - uncertain reading | וַהֲקוֹמֶם - uncertain reading,000028.png
john1,2,8,https://huggingface.co/datasets/jhonnyisaacc/hutter/resolve/main/hebrew/john1/000011.png,נֶאֱסַף מִבְּצֵא חֲרָשָׁה כִּתַהֲב אֲנִי־אֱלֵיהֶם שָׁאַבֲא אִמְּהָ בּוֹ וַכְּבִישִׁים עַתָּה נֶסַבְ תַּהֲוְאוּ נְבוּן עֲפָהּ נֶגְבֵּהּ,ועוד מצוה חדשה כותב אֲנִי־אֱלֵיכם שהיא אמת בּוֹ ובכם כי־החשך עבר והאור נאמן עתה נגה,2,Verse 8: First word unclear due to print quality | Verse 8: Multiple Nikud marks difficult to distinguish with certainty,000011.png
john1,2,13,https://huggingface.co/datasets/jhonnyisaacc/hutter/resolve/main/hebrew/john1/000011.png,כּוֹתֵב אֲנִי אֲלֵיכֶם אֲבוֹת כִּי־יְדַעְתֶּם אוֹתוֹ אֲשֶׁר הָיָה מִבְּרֵאשִׁית כּוֹתֵב אֲנִי אֲלֵיכֶם בַּחוּרִים כִּי גְבַרְתֶּם מֵרַע,כּוֹתֵב אֲנִי אֲלֵיכֶם האֲבוֹת כִּי־יְדַעְתֶּם אוֹתוֹ אֲשֶׁר הָיָה מִבְּרֵאשִׁית כּוֹתֵב אֲנִי אֲלֵיכֶם הבַּחוּרִים כִּי־גְבַרְתֶּם מֵרַע,1,"Verse 13: Complex verse spanning multiple lines, word boundaries verified but some Nikud marks compressed",000011.png
john1,2,16,https://huggingface.co/datasets/jhonnyisaacc/hutter/resolve/main/hebrew/john1/000013.png,כִּי כָּל אֲשֶׁר בָּעוֹלָם הוּא הַתְּבֶשֶׁר הוּא וְתַאֲוַת עֵינַיִם תַּאֲוַת אֲוַת מִן־תַּאֲוָה מִן־מִתְגַּאֲוַת אִינֶנָּה מִן־הָאָב כִּי־אִם מִן־הָעוֹלָם,כִּי כָּל אֲשֶׁר בָּעוֹלָם תאות הַבֶשֶׁר הוּא וְתַאֲוַת עֵינַיִם וגאון החיה אִינֶנָּה מִן־הָאָב כִּי־אִם מִן־הָעוֹלָם,2,הַתְּבֶשֶׁר - unclear vocalization | תַּאֲוָה - repetitive text structure unclear,000013.png
john1,2,18,https://huggingface.co/datasets/jhonnyisaacc/hutter/resolve/main/hebrew/john1/000013.png,בָּנַי עַת קֵץ הַיא וְכַאֲשֶׁר שְׁמַעְתֶּם כִּי יָבוֹא מָשִׁיחַ שָׁקֶר וְעַתָּה מְשִׁיחֵי שְׁקָדִים רַבִּים הָיוּ מִזֶּאנוּ יוֹדְעִים אֲנַחְנוּ כִּי־עַת קֵץ הִיא,בָּנַי עַת קֵץ הַיא וְכַאֲשֶׁר שְׁמַעְתֶּם כִּי־יָבוֹא מָשִׁיחַ שָׁקֶר ומעת מְשִׁיחֵי שְׁקָרים רַבִּים הָיוּ מאיזא יוֹדְעִים אֲנַחְנוּ כִּי־עַת קֵץ הִיא,2,מָשִׁיחַ - possible dagesh in shin unclear | שְׁקָדִים - unusual word form,000013.png
john1,3,20,https://huggingface.co/datasets/jhonnyisaacc/hutter/resolve/main/hebrew/john1/000023.png,כִּי אִם־לְבָבֵנוּ יִרְאֵב אוֹתָנוּ בְּמָה דְּגַדּוֹל הָאֱלֹהִים מִלְּבַבֵּנוּ וְיוֹדֵעַ אֶת־כָּל־דָּבָר,ואִם לְבָבֵנוּ יחיב אוֹתָנוּ כמָה גַדּוֹל הָאֱלֹהִים מִלְּבַבֵּנוּ וְיוֹדֵעַ אֶת־כָּל דָּבָרים,1,"Verse 20: Third word - character after Mem appears to be Resh (יִרְאֵב), though the shape is slightly unclear",000023.png
john1,4,15,https://huggingface.co/datasets/jhonnyisaacc/hutter/resolve/main/hebrew/john1/000029.png,לְכֹל כָּל אֲשֶׁר יְהוָֹדֶה כִּי יֵשׁוּעַ הוּא בֶּן־אֱלֹהִים הוּא בְעוֹמְדוֹ בֵאלֹהִים וֵאלֹהִים בּוֹ,לְכֹן כָּל־אֲשֶׁר יתודה כִּי־יֵשׁוּעַ הוּא בֶּן־אֱלֹהִים בו מעודד אלֹהִים והוא אלֹהִים,1,"יְהוָֹדֶה - unusual form, possibly יוֹדֶה or variant",000029.png
john1,4,17,https://huggingface.co/datasets/jhonnyisaacc/hutter/resolve/main/hebrew/john1/000029.png,בְּזֹאת נִשְׁלְמָה הָאַהֲבָה לְבַטְחֵֽנוּ אֲשֶׁר נִּתְרֵֽי־לָֽנוּ בְּיוֹם הַדִּין כִּי־כְמוֹתוֹ הֵנָּה גַם הוֹיֽנוּ אֲנַֽחְנוּ בָּעוֹלָם הַזֶּה,בְּזֹאת נִשְׁלְמָה הָאַהֲבָה עמנו אֲשֶׁר תהי־לָֽנוּ בטחון בְּיוֹם דִּין כִּי־כְמוֹתוֹ הוה גַם הווים אֲנַֽחְנוּ בָּעוֹלָם הַזֶּה,1,נִּתְרֵֽי - possibly נִבְטֵי or variant form,000029.png
mark,3,5,https://huggingface.co/datasets/jhonnyisaacc/hutter/resolve/main/hebrew/mark/000024.png,וְנַתְעִים מַסְכִּיב בַּחֲמָרָא נִשְׁווּחַח עַל כַּהָוָא כְכֻלָּם וְאָבַד לְבָחֵין וְאַסַר לוֹ מִבָר פְּשַׁט אַיְךְ וּפְשַׁט וַיְהִי אֵידְהּ,ויביטם מסביב בחמה וישתוחח עַל־כהת לבבהם ויאמר אל־האיש הטה את־ידך ויט ותושב ידו בריאה כמו האחרת,1,verse 5: Hutter's typeface makes some letters ambiguous; transcribed visible ink exactly,000024.png
mark,3,9,https://huggingface.co/datasets/jhonnyisaacc/hutter/resolve/main/hebrew/mark/000024.png,וַיֹּאמֶר לְתַלְמִידָיו לְהַעֲמִיד לוֹ אֵלָיו עַמֻּד תָּם בֶּן יוֹנוּ,וַיֹּאמֶר לְתַלְמִידָיו להקריב אֵלָיו אניה בעבור העם פן־יונוהו,1,verse 9: Final word יוֹנוּ - transcribed visible nikud exactly,000024.png
mark,4,7,https://huggingface.co/datasets/jhonnyisaacc/hutter/resolve/main/hebrew/mark/000032.png,וְאַחֵד נָפַל בַּקּוֹצִים וַיַּעֲלוּ הַקּוֹצִים וַיְחַנְּקוּהוּ וּמַיִם לֹא נָתַן פְּרִי עָלָה וְצוּבַת וְעָלָה,וְאַחֵר נָפַל בַּקּוֹצִים וַיַּעֲלוּ הַקּוֹצִים וַיְחַנְּקוּהוּ ופריו לֹא נָתַן,1,"וְצוּבַת - second-to-last word, unusual form",000032.png
mark,4,19,https://huggingface.co/datasets/jhonnyisaacc/hutter/resolve/main/hebrew/mark/000036.png,וְנִדְגְּאוֹת הַצֹּאנִם הֵרָה וּמִזְבַּחַת חָחוֹן וּמִזַּמְּדֵי עֵינֵי עַל אַחֲדֵיהֶם יְבוֹאוּ בְּתוֹסְפֶּת אֱת הַדָּבָר וּמָחוּלָא יִשְׁטֶה,וְהדְאגְּוֹת העולם הזה ומרמת ההון ומחמדי עין עַל־אחריתם יְבוֹאוּ ויחנקו את־הדבר ופריו לא יעשה,1,"Verse 19: Complex vocalization, some letters unclear due to printing quality",000036.png
mark,4,25,https://huggingface.co/datasets/jhonnyisaacc/hutter/resolve/main/hebrew/mark/000036.png,כִּי כָל אֲשֶׁר הָיָה לוֹ יִנָּתֵן לוֹ וְנֹאסֵף לוֹ דִבְּרֵי גַם אֶת־אֲשֶׁר לוֹ יִקֵּח מִמֶּנּוּ,כִּי כָל־אֲשֶׁר הָיָה לוֹ יִנָּתֵן לוֹ ואשר איננו לוֹ דִבְּרֵ גַם אֶת־אֲשֶׁר לוֹ יִקֵּח מִמֶּנּוּ,1,Verse 25: Some vocalization marks are faint or unclear,000036.png
mark,5,7,https://huggingface.co/datasets/jhonnyisaacc/hutter/resolve/main/hebrew/mark/000042.png,וַיִּזְעַק בְּקוֹל גָּדוֹל לֵאמֹר מַה־לִּי וָלָךְ יֵשׁוּעַ בֶּן־אֱלֹהֵי הָעֶלְיוֹן אַשְׁבִּיעֲךָ בֵּאלֹהִים אַל־תְּשַׁמְּעֵנִי,וַיִּזְעַק בְּקוֹל גָּדוֹל לֵאמֹר מַה לִּי וָלָךְ יֵשׁוּעַ בֶּן־אֱלֹהֵי הָעֶלְיוֹן אַשְׁבִּיעֲה בֵּאלֹהִים פן־תְּשַׁמְּנִי,1,אַשְׁבִּיעֲךָ,000042.png
mark,5,37,https://huggingface.co/datasets/jhonnyisaacc/hutter/resolve/main/hebrew/mark/000052.png,וְלֹא הָיְתָה אִישׁ לָבוֹא אַחֲרֵי כִּי אִם אֶת־פִּיּתֵא בְּיַעֲקֹב יִרְתֵּן אַת יַעֲקֹב,וְלֹא הניח אִישׁ לָבוֹא אַחֲרֵיו כִּי אִם אֶת־כיפה ויַעֲקֹב ויוחנן אחי יַעֲקֹב,1,"verse 37: word 'פִּיּתֵא' - unusual lexical form, transcribed exactly as visible",000052.png
mark,5,41,https://huggingface.co/datasets/jhonnyisaacc/hutter/resolve/main/hebrew/mark/000052.png,וַיְתַפֵּשׂ בְּיַד הַנַּעֲרָה וַיֹּאמֶר לָהּ טַלִיתָא קוּמִי וְהוּא מִתַּרְגֵּם אֲנִי לָךְ קוֹמִי,ויחזק בְּיַד הַנַּעֲרָה וַיֹּאמֶר לָהּ טַלִיתָא קוּמִי וְהוּא מִתַּרְגֵּם הנערה אומר אֲנִי לָךְ קוֹמִי,1,"verse 41: 'טַלִיתָא' - Aramaic transliteration, transcribed as visible",000052.png
mark,6,9,https://huggingface.co/datasets/jhonnyisaacc/hutter/resolve/main/hebrew/mark/000056.png,כִּי אִם לְהַנְעִיל אֵת מַעֲנִילִים וְלֹא לִלְבּשׁ שְׁנֵי שָׁנִים כַּנַּוָת,כִּי אִם לְהַנְעִיל אֵת מַנעֲלִים וְלֹא לִלְבּושׁ שתים כתנות,1,"Verse 9: Partial verse, vocalization uncertain in several words",000056.png
mark,6,10,https://huggingface.co/datasets/jhonnyisaacc/hutter/resolve/main/hebrew/mark/000056.png,וַיֹּאמֶר לָהֶם אֶל־בַּיִת בְּאֵיכָה יְהוּדָה שֵׁם שֵׁם עַד כִּי נַפְשַׁא מִשָּׁם,וַיֹּאמֶר לָהֶם אם תבואו בַּיִתה שבו שֵׁם עַד כִּי תצאו מִשָּׁם,1,"Verse 10: Multiple problematic readings, especially 'נַפְשַׁא'",000056.png
mark,6,11,https://huggingface.co/datasets/jhonnyisaacc/hutter/resolve/main/hebrew/mark/000056.png,וְכָל אֲשֶׁר לֹא יְהוּדָה אֶתְכֶם וְלֹא יִשְׁמְעוּ אֶתְכֶם שָׁאוּ מִשָּׁם וְהַנְעֲרוּ גַּם אֶת־עָפָר אֲשֶׁר תַּחַת רַגְלֵיכֶם לְעֵדוּת לָהֶם אָמַר אֲנִי אֹמֵר לָכֶם מְדַרְבָּה תִּהְיֶה סְדוֹם וַעֲמוֹרָה בַּיּוֹם דִּין מִצַּיִד לְסִיר מִסְּעָה הַהִיא,וְכָל אֲשֶׁר לֹא יקחו אֶתְכֶם וְלֹא יִשְׁמְעוּ אֶתְכֶם צאוּ מִשָּׁם ותנפצו גַּם אֶת־עָפָר אֲשֶׁר תַּחַת רַגְלֵיכֶם לְעֵדוּת לָהֶם אָמַן אֲנִי אֹומֵר לָכֶם נרפה תִּהְיֶה לסְדוֹם וַעֲמוֹרָה בַּיּוֹם דִּין מעיר הזאת,2,"Verse 11: Very long verse with multiple uncertain readings | Particularly uncertain: 'מְדַרְבָּה', 'מִצַּיִד לְסִיר מִסְּעָה'",000056.png
mark,6,12,https://huggingface.co/datasets/jhonnyisaacc/hutter/resolve/main/hebrew/mark/000056.png,וְהָיָה הַקּוֹרֵא לַשִׁבְעָנִים וַעֲשַׁרְתּוּן,ויצאו ויקראו לעשותם תשובה,1,"Verse 12: Short verse, last word uncertain",000056.png
mark,6,48,https://huggingface.co/datasets/jhonnyisaacc/hutter/resolve/main/hebrew/mark/000068.png,וַיִּקְרָא אֶל־הָעָם וַיֹּאמֶר אֲלֵיהֶם רְאוּ כִּי הַיְהוֹדִים כֹּה לָהֶם הַחֵץ וְהַמִּשְׁנֶה תַאֲבִיעִים נִתְלָה בָּא אֶלָיִם בִּימוֹלָו עַל־יָהֵם וְאָהֲבָה לַעֲבֹד אוֹתָם,וירא כי־השתוממו־בהתדפקם כי־היתה רוח להם להפך ובמשמרת הארבעית הלילה בא אליהם מתהלך על־היום ואבה לעבר אוֹתָם,1,verse 48: some characters unclear due to print quality,000068.png
mark,8,29,https://huggingface.co/datasets/jhonnyisaacc/hutter/resolve/main/hebrew/mark/000088.png,וְהוּא אָמַר לָהֶם וְאַתֶּם מִי אֲנִי אָמַר לָהֶם אֹמְרִים כִּי אַתָּה יֵשׁוּעַ מָשִׁיחַ בְּחִירַתּוֹ אַל־הוּא וְתַגִּיד,וְהוּא אָמַר לָהֶם וְאַתֶּם את־מִי אומרים כי אֲנִי הוה ויען כיפה ויאמר לו את הוה המָשִׁיחַ,1,The word 'מָשִׁיחַ' appears with unusual vocalization,000088.png
mark,9,12,https://huggingface.co/datasets/jhonnyisaacc/hutter/resolve/main/hebrew/mark/000096.png,כִּי נֵּעוֹל נֶאֱבַד לֶחֶם אֱלֹהֵינוּ יָבוֹא בְּרֵאשׁוֹנָה וִישׁוּבֵב כָּל־כַּן־אֲשֶׁר נִכְתַּב עַל־הָאָדָם כָּל־יָד יִבְעַר יִבְעֶה וְיֵעָנֶה,ויען ויאמר להם ואליהו יָבוֹא בְּרֵאשׁוֹנָה וִישׁוּבֵב כלם וכאֲשֶׁר נִכְתַּב עַל־בן־הָאָדָם כן־ינגע יכה וְיֵעָנֶה,1,"verse 12: complex vocalization on multiple words, some marks difficult to distinguish clearly",000096.png
mark,11,21,https://huggingface.co/datasets/jhonnyisaacc/hutter/resolve/main/hebrew/mark/000128.png,וַיָּשָׁב פֵּיטֵר יַאֲמֹר לוֹ רַבִּי רְאֵה וְהַתְּאֵנָה אֲשֶׁר אָרַת יְבֵשָׁה,ויוכר כיפה ויַאֲמֹר לוֹ רַבִּי רְאֵה וְהַתְּאֵנָה אֲשֶׁר אָרַות יְבֵשָׁה,1,פֵּיטֵר - first vowel could be Tsere or Segol,000128.png
mark,12,26,https://huggingface.co/datasets/jhonnyisaacc/hutter/resolve/main/hebrew/mark/000140.png,וְעַל הַמֵּתִים כִּי יָקוּמוּ הֲלֹא קְרָאתֶם בְּסֵפֶר מֹשֶׁה בְּסִפּוּר הַסְּנֶה לֵאמֹר וַיֹּאמֶר יְהוָֹה אֱלֹהִים מִתּוֹךְ הַסְּנֶה וַיֹּאמַד אָנֹכִי אֱלֹהֵי אַבְרָהָם וֵאלֹהֵי יִצְחָק וֵאלֹהֵי יַעֲקֹב,וְעַל־הַמֵּתִים כִּי יָקוּמוּ הֲלֹא קְרָאתֶם בְּסֵפֶר מֹשֶׁה לאמר ויקרא אליו אֱלֹהִים מִתּוֹךְ הַסְּנֶה וַיֹּאמַר אָנֹכִי אֱלֹהֵי אַבְרָהָם וֵאלֹהֵי יִצְחָק וֵאלֹהֵי יַעֲקֹב,1,Line 26 contains a very long verse spanning multiple text blocks,000140.png
mark,13,2,https://huggingface.co/datasets/jhonnyisaacc/hutter/resolve/main/hebrew/mark/000148.png,וַיֹּאמְרוּ שִׁמְעוּ אֶת־בְּנֵי יִשְׂרָאֵל נַעֲשֶׂה וַיֹּאמֶר לוֹ הָרוֹאֶה אֲנִי אֶת־בְּנֵי הָאֱלֹהִים הַאֵלֶּה הָרוֹאֵי עַל אֲבִי עַל־אֲבִי עַל־מַלְכוּת אֲשֶׁר לֹא נֶחֱרַם,ויען ישוע וַיֹּאמֶר לוֹ הָרוֹאֶה אֶת־בְּנֵינים האלה הגדולים לא תנח אבן על־אבן על־מכנתה אשר לא תהרס,3,Line 2: Text heavily damaged and partially illegible | Multiple words unclear due to print quality | Nikud marks difficult to distinguish in several positions,000148.png
mark,13,3,https://huggingface.co/datasets/jhonnyisaacc/hutter/resolve/main/hebrew/mark/000148.png,וַיִּשָּׁבְחוּ עַל־הָהָר מִזְרָחָה לְבַד הַחֵיבֶל שָׁאוֹל לוֹ בְּלַבָּדִים לִפֵּה בְּיַעֲקֹב וְיַתֵּחַ אֶמְדָּעִים,ובשבתו עַל־הָר הזיתים לנגד ההיכל שאלו בְּלַבָּדִם כיפה ויַעֲקֹב ויוחנן ואנדראוס,2,Line 3: Several words unclear | Nikud marks ambiguous in multiple positions,000148.png
mark,13,4,https://huggingface.co/datasets/jhonnyisaacc/hutter/resolve/main/hebrew/mark/000148.png,אָבִי לָנוּ בֵּין הָאָדָם בּוּמָה הָאוֹת מִי־בָכָל שָׁאוֹל לוֹ בְּלַבָּדִים הֵיא בְּנַי הַמְלָכִים בַּאֲבָם,אמר לָנוּ מתי יהיו האלה ומה הָאוֹת כי־יכלו כל הדברים האלה,2,Line 4: Text quality poor | Several consonants and nikud marks unclear,000148.png
mark,13,5,https://huggingface.co/datasets/jhonnyisaacc/hutter/resolve/main/hebrew/mark/000148.png,יֵשׁוּעַ עֹנֶה לָהֶם נִלוּל לִבְּכֶם דָּאוּ בְּנֵי יִשְׂרָאֵל אִישׁ,ויֵשׁוּעַ עֹנֶה לָהֶם ויחל לדבר ראו פן ישיאכם אִישׁ,1,Line 5: Some nikud marks unclear,000148.png
mark,13,6,https://huggingface.co/datasets/jhonnyisaacc/hutter/resolve/main/hebrew/mark/000148.png,כִּי־רַבִּים יִבֹּאוּ בִּשְׁמִי לֵאמֹר אֲנִי הוּא כִּי אָמַר הוּא יְכַבֵּשׁוּ לִבְבִים,כִּי־רַבִּים יִבֹואוּ בִּשְׁמִי לֵאמֹר כי אֲנִי הוּא ויתעו לרבים,1,Line 6: Several words partially illegible,000148.png
mark,13,7,https://huggingface.co/datasets/jhonnyisaacc/hutter/resolve/main/hebrew/mark/000148.png,וְאַם תִּשְׁמְעוּ מִלְחֲמוֹת וּשְׁמוּעוֹת מִלְחָמוֹת אַל־תִּבָּהֵלוּ כִּי צָרִיך לִהְיוֹת אֵן עַד קֵץ אֵינֶנּוּ הַקֵּץ,וְאַם תִּשְׁמְעוּ מִלְחֲמוֹת וּשְׁמוּעוֹת המִלְחָמוֹת אַל תִּבָּהֵלוּ כִּי־צָרִיך לִהְיוֹת אֵך עַד־הנה אֵינֶנּוּ הַקֵּץ,1,Line 7: Some nikud marks and consonants unclear,000148.png
mark,13,8,https://huggingface.co/datasets/jhonnyisaacc/hutter/resolve/main/hebrew/mark/000148.png,כִּי יָקוּם גּוֹי עַל־גּוֹי וּמַמְלָכָה עַל־מַמְלָכָה יִהְיֶה דָּעַשׁ בְּכָל מְקוֹמוֹת יִהְיוּ רָעָב וּרְגָזִים וְהַבְּלִים וְהַכֹּל הָאֵת רָאשִׁית וְהַמְחֵילִים וְהַכְּאֵבִים,כִּי יָקוּם גּוֹי עַל־גּוֹי וּמַמְלָכָה עַל־מַמְלָכָה ויִהְיֶה רעַשׁ בְּכָל מְקוֹמוֹת ויהיה רָעָב ומהומה רָאשִׁית החבלים האלה,2,Line 8: Extended verse with multiple unclear sections | Several words damaged or illegible,000148.png
mark,14,3,https://huggingface.co/datasets/jhonnyisaacc/hutter/resolve/main/hebrew/mark/000158.png,וּבֶאֱשֶׁר הָיָה בֵית עַנְיָה בְּבֵית שִׁמְעוֹן הַמְצוֹרָע נִשְׁבַּח בִּשְׁלְחָן לָאָה אִשָּׁה אֲשֶׁר לוֹ בַּךְ כֶּתֶם שֶׁמֶן הַטּוֹבֶן וְשָׁבַּר אוֹתָהּ רֹאשׁ יָרֵךְ יָרַךְ רֹאשׁ וַשֵּׁךְ מְאוֹד נֵרֶד רֹאשׁ נֵירָד נֶרֶד,וּכאֱשֶׁר הָיָה בבֵית עַנְיָה בְּבֵית שִׁמְעוֹן הַמְצוֹרָע בשבתו בִּשְׁלְחָן באָה אִשָּׁה אֲשֶׁר לה פךְ בהט בשם נרד רֹאשׁ יקר מאד ותשבר את־הבהט ותשפך על־ראשו,1,"The verse appears to have some repetitions or variant readings in the ink, particularly in the latter portion",000158.png
mark,14,24,https://huggingface.co/datasets/jhonnyisaacc/hutter/resolve/main/hebrew/mark/000164.png,וַיֹּאמֶר לָהֶם וְאַתֶּם יְדַעְתֶּם אֶת דָּם בְּרִית הַחֲדָשָׁה אֲשֶׁר עַל רַבִּים נִשְׁפָּךְ,וַיֹּאמֶר לָהֶם זאת יש־דמי דָּם בְּרִית הַחֲדָשָׁה אֲשֶׁר עַל־רַבִּים נִשְׁפָּךְ,2,Verse 24: Word 'יְדַעְתֶּם' vowel points unclear | Verse 24: Word 'נִשְׁפָּךְ' final vowel unclear,000164.png
mark,14,25,https://huggingface.co/datasets/jhonnyisaacc/hutter/resolve/main/hebrew/mark/000164.png,אָמֵן אֹמֵר אֲנִי לָכֶם כִּי עוֹד לֹא אֶשְׁתֶּה מֵאוּטַּ הַגֶּפֶן עַד הַיּוֹם הַהוּא אֲשֶׁר בּוֹ אֶשְׁתֶּהוּ חָדָשׁ בְּמַלְכוּת אָבִי,אָמֵן אֲנִי אומר לָכֶם כִּי עוֹד לֹא אֶשְׁתֶּה מאנב הַגֶּפֶן עַד־הַיּוֹם הַהוּא אֲשֶׁר בּוֹ אֶשְׁתֶּנוּ חָדָשׁ בְּמַלְכוּת אָבִי,2,Verse 25: Word 'מֵאוּטַּ' unclear - may be 'מִפְּרִי' | Verse 25: Word sequence 'אֶשְׁתֶּהוּ' appears to have suffix but vowels unclear,000164.png
mark,14,27,https://huggingface.co/datasets/jhonnyisaacc/hutter/resolve/main/hebrew/mark/000164.png,וַיֹּאמֶר לָהֶם יֵשׁוּעַ כִּי כֻלְּכֶם תִּכָּשְׁלוּ בִי בַּלַּיְלָה יְהוָה כִּי־כָתוּב הַךְ אֶת־הָרוֹעֶה וְהַצֹּאן תְּפוּצֶינָה,וַיֹּאמֶר לָהֶם יֵשׁוּעַ כִּי כֻלְּכֶם תִּכָּשְׁלוּ בִי בַּלַּיְלָה הזה כִּי־נכתב הַךְ אֶת־הָרוֹעֶה ותְּפוּצֶינָה והַצֹּאן ,2,Verse 27: Word 'תִּכָּשְׁלוּ' dagesh unclear | Verse 27: Word 'תְּפוּצֶינָה' final syllable vowels unclear,000164.png
mark,14,28,https://huggingface.co/datasets/jhonnyisaacc/hutter/resolve/main/hebrew/mark/000164.png,אֲבָל אַחֲרֵי קוּמִי אֶקְדֵּם אֶתְכֶם בַּלִילֶה,אֲבָל אַחֲרֵי קוּמִי אֶקְדֵּים אֶתְכֶם בַּגלִילֶה,1,Verse 28: Word 'בַּלִילֶה' appears unclear - may be 'בַּגָּלִיל',000164.png
mark,14,29,https://huggingface.co/datasets/jhonnyisaacc/hutter/resolve/main/hebrew/mark/000164.png,וַיֹּאמֶר אָמַר לוֹ וְאַף־כָּל־כֻלָּם אֶשָּׁלוּ אַךְ אֲנִי לֹא־עָלְמָם לֹא אֵכָשֵׁל,וכיפה אָמַר לוֹ וְאַם־כֻלָּם יכשָּׁלוּ אַךְ אֲנִי לעולם לֹא אֵכָשֵׁל,2,Verse 29: Word 'אֶשָּׁלוּ' unclear - may be different verb form | Verse 29: Sequence 'לֹא־עָלְמָם' very unclear,000164.png
mark,15,4,https://huggingface.co/datasets/jhonnyisaacc/hutter/resolve/main/hebrew/mark/000178.png,וּפִילָטוֹס שָׁב וַיִּשְׁאַל לוֹ לֵאמֹר הֲלֹא תַּעֲנֶה דָבָר רְאֵה כַּמָּה עֹוֹוֹת יָעִינוּ עָלֶיךָ,וּפִילָטוֹס שָׁב וַשְׁאַל לוֹ לֵאמֹר הֲלֹא תַּעֲנֶה דָבָר רְאֵה כַּמָּה עדות יָעִנוּ עָלֶיךָ,1,"עֹוֹוֹת - unusual vowel pattern, possibly three consecutive Holam marks",000178.png
mark,15,15,https://huggingface.co/datasets/jhonnyisaacc/hutter/resolve/main/hebrew/mark/000180.png,וּפִילָטוֹס רָצָה לַעֲשׂוֹת לְרָצוֹן הָעָם כִּי־וַיִּתֵּן נִפְטָר אֶת־בַּר־אַבָּא וַיִּקַּח אֶת־יֵשׁוּעַ לִצְלֹב בִּשׁוֹטִים וּלִצְלוֹקֵב,וּפִילָטוֹס רָוצָה לַעֲשׂוֹת לְעָם כרצונם ויפְטָר אֶת־בַּר־אַבָּא ויתן אֶת־יֵשׁוּעַ ליסר בִּשׁוֹטִים ולהוקע,1,verse_15_final_word_unusual_spelling_לִצְלוֹקֵב,000180.png
mark,16,6,https://huggingface.co/datasets/jhonnyisaacc/hutter/resolve/main/hebrew/mark/000190.png,וְהוּא אָמֵר אֲלֵיהֶן אַל־תִּבָּעַתְנָה מְבַקְשׁוֹת אַתֶּן אֶת־יֵשׁוּעַ הַנָּצְרִי אֲשֶׁר תְּלָהוּהוּ הֵם הוּא אֵינְךְ בָּרָא נוֹהָה וְהַמָּקוֹם אֲשֶׁר שָׂמוּהוּ נִמְצָא,וְהוּא אָמֵר להן אל תבעתו מְבַקְשׁוֹת אַתֶּן אֶת־יֵשׁוּעַ הַנָּצְרִי אֲשֶׁר התְּלָוּהוּ קם הוּא ואיננו פה הנה הַמָּקוֹם אֲשֶׁר שָׂמוּהוּ שמה,1,The word sequence in verse 6 is complex and some nikud marks are difficult to distinguish with full certainty,000190.png
mark,16,7,https://huggingface.co/datasets/jhonnyisaacc/hutter/resolve/main/hebrew/mark/000190.png,אֲבָל לְכוּ וְנַאֲמַרְנָה לִתְלַמִידָיו אֲבָל לְכוּ וְנַאֲמַרְנָה לִתְלַמִידָיו כְּלִימְדִים בָּרָא נוֹהָה וְהַלָּךְ שָׁם תִּרְאוּ אֹתוֹ כַּאֲשֶׁר אֲמַר לָכֶם,אֲבָל לכנה וְאֲמַרְנָה לִתְלַמִידָיו ולכיפה כי־הוא מקדים אתכם בגלילה שָׁם תִּרְאוּהו כַּאֲשֶׁר אֲמַר לָכֶם,1,Verse 7 appears to have repetition which may be a printing artifact,000190.png
mark,16,9,https://huggingface.co/datasets/jhonnyisaacc/hutter/resolve/main/hebrew/mark/000190.png,וַיַּשְׁכֵּם יֵשׁוּעַ בְּאֶחָד בְּשַׁבַּת מֵרֵאשִׁית אֲשֶׁר שְׁבָעָת הַשֵּׁדִים וְהַגְדוֹלִית אֲשֶׁר מִמֶּנָּה יָצָא שִׁבְעָת שֵׁדִים,וכאשר קם יֵשׁוּעַ בבקר בְּאֶחָד בְּשַׁבַּת נראה בראשנה למרים המגדלנית אֲשֶׁר מִמֶּנָּה הוציא שִׁבְעָה שֵׁדִים,1,Verse 9 has complex word structure that requires careful verification,000190.png
mark,16,10,https://huggingface.co/datasets/jhonnyisaacc/hutter/resolve/main/hebrew/mark/000192.png,וְאַחַר אֲשֶׁר שָׁלְחוּ אֲנִי מִדּוּעַ אֲנִי אָבֹא אֶפֶן אֲבִילֵם וּבַכְּתָמִים,היא הלכה ותגד לאֲשֶׁר היו עמו אבלים ובוכים,1,Verse 10: Several words are unclear due to image quality and complex Hutter typography,000192.png
mark,16,11,https://huggingface.co/datasets/jhonnyisaacc/hutter/resolve/main/hebrew/mark/000192.png,וְכַאֲשֶׁר שָׁבַעוּ וַהַמַּת בָּרָה הוּא לֹא רָאָה מִנָּם לֹא הֶאֱמִינוּ,וְכַאֲשֶׁר שָׁמעוּ המה כי־חי הוּא וכי נראה מהנה לֹא הֶאֱמִינוּ,1,Verse 11: Complex typography makes some vowel points difficult to verify with certainty,000192.png
mark,16,15,https://huggingface.co/datasets/jhonnyisaacc/hutter/resolve/main/hebrew/mark/000192.png,וַיֹּאמֶר לָהֶם לְכוּ בְּכָל־הַעוֹלָם וְקִרְאוּ אֶת־בְּשׂוֹרָה בְּכָל־הַבְּרִיאָה,וַיֹּאמֶר לָהֶם לְכוּ אל־כָל־הַעוֹלָם וְקִרְאוּ אֶת־הבְּשׂוֹרָה לכָל הַבְּרִיאָה,1,Verse 15: Generally clear but some vowel points difficult to verify,000192.png
mark,16,17,https://huggingface.co/datasets/jhonnyisaacc/hutter/resolve/main/hebrew/mark/000192.png,וְאֹתוֹת אֲשֶׁר הַמַּאֲמִינִים אֱלֹהִים יְלַכוּ בִּשְׁמִי יִטְּאוּ שֵׁדִים בִּלְשׁוֹנוֹת חֲדָשׁוֹת יְדַבְּרוּ,וְאֹתוֹת אֲשֶׁר יעשו הַמַּאֲמִינִים אלה הן בִּשְׁמִי יוציאו שֵׁדִים בִּלְשׁוֹנוֹת חֲדָשׁוֹת יְדַבְּרוּ,1,Verse 17: Several hollow letters difficult to distinguish; vowel points on some letters unclear,000192.png
thessalonians1,1,3,https://huggingface.co/datasets/jhonnyisaacc/hutter/resolve/main/hebrew/thessalonians1/000002.png,מְזַכְּרִים אֶת־מַעֲשֵׂה אֱמוּנַתְכֶם וְאֶת יְגִיעַת הָאַהֲבָה וְאֶת דָּמְיוֹן תִּקְוַת שִׁבְרַת אֲדוֹנֵינוּ שָׁעַע תוּשִׁיַּת לְבַב אֱלֹהִים אֲדוֹנֵינוּ,מְזַכְּירִים אֶת־מַעֲשֵׂה אֱמוּנַתְכֶם וְאֶת יְגִיעַת הָאַהֲבָה וְאֶת־דמית שִׁבְרַת אֲדנֵינוּ ישוע המשיח לפני אֱלֹהִים ואֲדוֹנֵינוּ,1,Verse 3 contains difficult-to-read passages with potential variant spellings. 'דָּמְיוֹן' and following words may have alternate readings.,000002.png
thessalonians1,4,13,https://huggingface.co/datasets/jhonnyisaacc/hutter/resolve/main/hebrew/thessalonians1/000022.png,וְלֹא אֶבְחֹד מֵכֶם אַחַי עַל הַיְשֵׁנִים בֶּן הַנִּוְלָדִים לֹאסֹר בְּטְחוֹם תִתְרַחֲמִינוּ כְּבוּ וְשְׁאָרִים לַאֲשֶׁר לֹא יָשֵׁרוּ לָהֶם תִּשְׁבְרִית,וְלֹא אכחד מֵכֶם אַחַי עַל־הַיְשֵׁנִים פן תרידו בשיחם ותהימון כמו השְׁאָרִים לַאֲשֶׁר לֹא יָשֵׁ־לָהֶם השברה,5,הַיְשֵׁנִים | הַנִּוְלָדִים | לֹאסֹר | תִתְרַחֲמִינוּ | כְּבוּ,000022.png
thessalonians1,4,16,https://huggingface.co/datasets/jhonnyisaacc/hutter/resolve/main/hebrew/thessalonians1/000022.png,כִּי הוּא הָאָדוֹן בַּקּוֹל מַלְאֵךְ רֹאשׁ בְּשׁוֹפַר הָאֵל וְאֱלֹהִים יֵרַד בְּמִטוֹם וְנִמְתִים וּנְמֵתִים יְקוּמוּ בָּרִאשׁוֹנָה,כִּי־יהוה הוּא בהידד בַּקּוֹל מַלְאֵךְ הרֹאשׁ בְּשׁוֹפַר תרועת אֱלֹהִים יֵרַד משמים וְהמְתִים במשיח יְקוּמוּ בָּרִאשׁוֹנָה,4,בַּקּוֹל | רֹאשׁ | בְּמִטוֹם | וּנְמֵתִים,000022.png
thessalonians1,4,17,https://huggingface.co/datasets/jhonnyisaacc/hutter/resolve/main/hebrew/thessalonians1/000022.png,וְאַחֲרֵי כֵן אֲנַחְנוּ הֶחָיִּים וְהַנִּשְׁאָרִים יַדַי נִסַּחַל נִלְקַח בֶּעָנִים לִקְרֹאת אֲדֹנֵינוּ יְהֹוָה בָּאֲוִיר וּבְכָה תָמִיד נִהְיֶה עִם יְהֹוָה,וְאַחֲרֵי כֵן אֲנַחְנוּ הֶחָיִּים הַנִּשְׁאָרִים יחדו עמו נחטף ונִלְקַח בֶּעָנִנים לִקְרֹאת אֲדֹנֵינוּ יְהֹוָה בָּאֲוִיר וּככָה תָמִיד נִהְיֶה עִם יְהֹוָה,2,נִסַּחַל | נִלְקַח,000022.png
thessalonians1,5,12,https://huggingface.co/datasets/jhonnyisaacc/hutter/resolve/main/hebrew/thessalonians1/000026.png,וְנִשְׁאֵלִי מ אוֹתְנוּ מֵאַבְכֶּם אַחֵינוּ לְדַעַת אֶת־הַיְגֵעִים בֵּכֶם וְהַמְצַבִּים עֲלֵיכֶם בַּיּוָה וְנְלַמְּרִים אֵתְכֶם,ושואלים אוֹתְנוּ ממכם אַחֵינוּ לְדַעַתכם אֶת־הַיְוגֵעִים בֵּכֶם וְהַמְצַבִּים עֲלֵיכֶם ביהוה ומלמדים אֵתְכֶם,1,כַם in verse 12 - the word appears to be מֵאַבְכֶּם but the ink is unclear,000026.png
thessalonians1,5,28,https://huggingface.co/datasets/jhonnyisaacc/hutter/resolve/main/hebrew/thessalonians1/000030.png,חֲנוֹתֵנוּ אֲדֹנֵינוּ יֵשׁוּעַ הַמָּשִׁיחַ עִם פְּכֻלְּכֶם אָמֵן,תחנת אֲדֹנֵינוּ יֵשׁוּעַ הַמָּשִׁיחַ עִם כלכם אָמֵן,2,"חֲנוֹתֵנוּ - First word unclear, may be intended as חֶנְתּוֹ or חֶנְתַנוּ | פְּכֻלְּכֶם - Unusual form with prefix פְּ, may be עִמְּכֻלְּכֶם",000030.png