book,chapter,verse,huggingface_image_link,current_text,corrected_text,uncertainty,comments,image
hebrews,2,18,https://huggingface.co/datasets/jhonnyisaacc/hutter/resolve/main/hebrew/hebrews/000012.png,כִּי בַּאֲשֶׁר נִצַּג הַלְבָה בְעָנְיוֹ עָתָה יוּכַל צָעוּדִי לַחֲסוֹט,כִּי־בַאֲשֶׁר נָגוּעַ מֻכֶּה מְעֻנֶּה וּמְנֻסֶּה הוּא יוּכַל לַעֲזֹר לַמְנֻסִּים;,5,"verse 18 word 3: 'הַלְבָה' - unusual form, transcribed as visible | verse 18 word 4: 'בְעָנְיוֹ' - transcribed as visible | verse 18 word 6: 'יוּכַל' - transcribed as visible | verse 18 word 7: 'צָעוּדִי' - unusual form, transcribed as visible | verse 18 word 8: 'לַחֲסוֹט' - transcribed as visible",000012.png
hebrews,4,3,https://huggingface.co/datasets/jhonnyisaacc/hutter/resolve/main/hebrew/hebrews/000018.png,כִּי־נָבוֹא בַּמְּנוּחָה אַתָּה אֲשֶׁר נֶאֱמָנוּ כַּאֲשֶׁר אָמַר אֲשֶׁר נִשְׁבַּעְתִּי בְּאַפִּי אִם־יָבֹאוּן אֶל־מְנוּחָתִי בַּעֲשׂוֹת נַפְשִׁית נִכְרָתָה גְנֵשׁוֹתָם,כִּי־נָבוֹא בִמְנוּחָה אִם־נַאֲמִין אֵיךְ אָמַר אֲשֶׁר נִשְׁבַּעְתִּי בְאַפִּי אִם יְבוֹאוּן אֶל־מְנוּחָתִי וְאַף־כִּי מַעֲשָׂיו מֵרֵאשִׁית הַבְּרִיאָה נַעֲשִׂים:,1,"גְנֵשׁוֹתָם - unusual form, transcribed as visible",000018.png
hebrews,4,11,https://huggingface.co/datasets/jhonnyisaacc/hutter/resolve/main/hebrew/hebrews/000020.png,לָכֵן נִמַּהֵר לְבוֹא אֶל הַמְּנוּחָה וְאַל פָּרַשׁ אִישׁ יִשְׁנֶה לֶאֱשֶׁר יִבּוֹל בַּחֲטָאָה הַזֹאת בִּנְסוֹתָם,לָכֵן נְמַהֵר לָבוֹא אֵל־מְנוּחָה הַזֹּאת פֶּן־אִישׁ יִשְׁוֶה לַאֲשֶׁר יִפּוֹל בְחֵטְא הַסֵּטִים:,1,Letters printed in reduced size or irregular position due to layout are not transcribed; only linguistically functional letters are reproduced. Verse 11: 'יִבּוֹל' is unusual spelling; expected may differ but transcribing visible ink exactly,000020.png
hebrews,7,19,https://huggingface.co/datasets/jhonnyisaacc/hutter/resolve/main/hebrew/hebrews/000040.png,כִּי־דָבַר לֹא אַהַד בִּכְלָלָה תְּחוֹדָה וּבוֹא בְּמִקְוָמָה הָאֱמוּנָה הַטּוֹבָה בַּמַּקֹּמָה אֲשֶׁר בֵּית יַעֲקֹב אֵל־אֱלֹהִים,כִּי־דָבָר לֹא אֶחָד כִּלְּתָה הַתּוֹרָה וּבָאָה בִמְקוֹמָהּ הָאֱמוּנָה הַטּוֹבָה מִמֶּנָּה אֲשֶׁר בָּהּ נִקְרַב אֶל־אֱלֹהִים:,1,verse_19_complex_vocalization,000040.png
hebrews,9,23,https://huggingface.co/datasets/jhonnyisaacc/hutter/resolve/main/hebrew/hebrews/000054.png,וְאַף כִּי הֻצְרַךְ אֲשֶׁר הַדְּמוּת אֲשֶׁר הַטִּיטִים בָּרַבְבָה הָעָלְתָה בְּרוּבָם אֵלֶּה אֲשֶׁר הֵן בַּשָּׁמַיִם יִזְכּוּ בִגְאוּתָם טוֹבִים בַּהֲמוֹנָה,לָכֵן צָרִיךְ אֲשֶׁר גַּם הָעִנְיָנִים אֲשֶׁר בַּשָּׁמַיִם בִּדְבָרִים כָּאֵלֶּה יִטְהָרוּן כִּי־אֲשֶׁר הָיוּ בַשָּׁמַיִם בִּזְבָחִים טוֹבִים מֵהֵמָּה:,1,verse 23 has complex text with some difficult to read characters,000054.png
hebrews,10,23,https://huggingface.co/datasets/jhonnyisaacc/hutter/resolve/main/hebrew/hebrews/000064.png,כִּי נַחֲזִיק אֶת־תּוֹרַת הַקִּוּוּי וְלֹא נָמוּט כִּי נֶאֱמָן הוּא הַנֶּאֱמָרִיד,וְנַחֲזִיק אֶת־תּוֹרַת תִּקְוָתֵנוּ וְלֹא נָמוֹט כִּי־נֶאֱמָן הוּא הַמַּאֲמִיר:,1,verse 23: final word appears to be 'הַנֶּאֱמָרִיד' with unusual ending - possible printing artifact or non-standard form,000064.png
hebrews,11,21,https://huggingface.co/datasets/jhonnyisaacc/hutter/resolve/main/hebrew/hebrews/000074.png,בֶּאֱמוּנָה יַעֲקֹב בְּמוֹתוֹ בֵּרֵךְ כָּל־אִישׁ מִבְּנֵי יוֹסֵף וַיִּשְׁתָּחוּ יִשְׂרָאֵל עַל־רֹאשׁ (הַמַּטֶּה),בֶּאֱמוּנָה יַעֲקֹב בְּמוֹתוֹ בָרָךְ לְכָל אִישׁ מִבְּנֵי יוֹסֵף וַיִּשְׁתַּחוּ יִשְׂרָאֵל עַל־רֹאשׁ (הַמִּיטָּה:),1,Parentheses around הַמַּטֶּה are visible in main text,000074.png
hebrews,11,35,https://huggingface.co/datasets/jhonnyisaacc/hutter/resolve/main/hebrew/hebrews/000078.png,נָשִׁים לָקְחוּ מֵתֵיהֶם אֶתְרוּם וַאֲחֵרִים הוּקְעוּ וְלֹא־יִקְשׁוּ אֶת־הַפְּלֵטָה לְמַצָא אֶת־תְּקוּמָה טוֹבָה מִכֵּן,הַנָּשִׁים לָקְחוּ מִתְּקוּמָה אֶת־מֵתֵיהֶן וַאֲחֵרִים הוּקְעוּ וְלֹא יְבַקְשׁוּ אֶת־הַפְּלֵטָה לִמְצֹא אֶת־תְּקוּמָה טוֹבָה מֵהֵן:,2,אֶתְרוּם (unusual form) | הוּקְעוּ (unclear vocalization),000078.png
hebrews,11,37,https://huggingface.co/datasets/jhonnyisaacc/hutter/resolve/main/hebrew/hebrews/000080.png,נִסְקָלוּ בָאֲבָנִים נִגְזְרוּ לִגְזָרִים נִסְּכוּ מֵהַב מִרְהַב מֵאֹנֵּה חֶרֶב שׁוֹטְטוּ צֵאן וְאֵינָב בְּעוֹדוֹת שֶׁעִיר צָאן וְאֵינָב בְּמַחֲסוֹר כָּל דָּבָר בֶּעָלֶה וְגַצְוּקָה מְעֻנִּים,נִסְקְלוּ בַאֲבָנִים נִגְזְרוּ לִגְזָרִים נִסּוּ בְפִי־־חֶרֶב מֵתוּ הִתְהַלְּכוּ אָנָה וְאָנָה בְעוֹרוֹת שְׂעִירֵי צֹאן וְעִזִּים בְּמַּחְסוֹר כָּל־דָּבָר בַּצָּרָה וּמְצוּקָה מְעֻנִּים:,1,שׁוֹטְטוּ צֵאן - word boundaries unclear,000080.png
hebrews,11,40,https://huggingface.co/datasets/jhonnyisaacc/hutter/resolve/main/hebrew/hebrews/000080.png,עַל־כִּי־אֱלֹהִים רָאָה עָלֵינוּ דְּבַרָה־טוֹב לְטוֹבָה מִמָּקוֹם לְבַד־עָדֵינוּ בָּלָחֲתִם לֹא־יִכְלֶה בְּיַד־הַשְׁלֵמוּת,עַל־כִּי־אֱלֹהִים רָאָה עָלֵינוּ מִקֶּדֶם לַטּוֹבָה פֶן יְכֻלּוּ בִלְעָדֵינוּ:,2,דְּבַרָה־טוֹב - unclear word structure | בָּלָחֲתִם - possible vocalization issue,000080.png
hebrews,12,1,https://huggingface.co/datasets/jhonnyisaacc/hutter/resolve/main/hebrew/hebrews/000080.png,עַל כֵּן כִּי נַלְוֵי סְבִיכוּתֵינוּ עַנַן עֵדִים נָשִׂים בַּעֲלֵינוּ אֶת כָּל־נֹשֶׂא גַם אֶת הַחִטָּה אֲשֶׁר כָּל־עֵת דִּבְּקָה בָנוּ וּנְרֻצָה בְּמִשְׁרָד מֵרָץ אֶל־הַמִּלְחָמָה אֲשֶׁר עֲרוּכָה לָנוּ,עַל־כֵּן כִּי־יֶשׁ־לָנוּ סְבִיבוֹתֵינוּ עֲנַן הַעֵדִים נָשִּׂים מֵעָלֵינוּ אֶת־כָּל־מַשָּׂא וְגַם אֶת־־הַחֲטָאָה אֲשֶׁר בְּכָל עֵת דָּבְקָה בָנוּ וּבְדֻמִיָּה נָרוּץ אֶל־־־הַמִּלְחָמָה אֲשֶׁר עֲרוּכָה לָנוּ:,1,סְבִיכוּתֵינוּ - possible vocalization variation,000080.png
hebrews,12,13,https://huggingface.co/datasets/jhonnyisaacc/hutter/resolve/main/hebrew/hebrews/000084.png,פְּנוּ דֶּרֶךְ יְהוָֹה יִשַׁר בְּעֵרְבָה מְסִלָּה לֵאלֹהֵינוּ בַּם בּוֹ עִסָּחַת וְנִתְּנָה וְהַפַסַח כִּי אִם־רְפָא יִתֵּר,פַּנּוּ דֶרֶךְ יְהֹוָה יַשְּׁרוּ בַעֲרָבָה מְסִלָּה לְרַגְלֵיכֶם פֶּן יַעֲטֶה וְיִתְעֶה הַפִּסֵּחַ כִּי־אִם יֵרָפֶא יוֹתֵר:,1,verse_13_complex_layout,000084.png
hebrews,12,18,https://huggingface.co/datasets/jhonnyisaacc/hutter/resolve/main/hebrew/hebrews/000086.png,לֹא קְרַבְתֶּם לְהֹלוֹת בָּרָה וּבֹקְרִיָּה נִיל עָשָׁן וַעֲרָפֶל וּבַקְסִוּם וַפַּר כָּבֵד,כִּי־לֹא קְרַבְתֶּם לַעֲלוֹת בָּהָר וּנְגוֹעַ בְּקָצֵהוּ וַיַּעַל־עֲשָׁנוֹ כְעֶשֶׁן הַכִּבְשָׁן וּבְרָקִים וְעָנָן כָּבֵד:,4,לְהֹלוֹת | בָּרָה | וּבֹקְרִיָּה | וּבַקְסִוּם,000086.png
hebrews,12,19,https://huggingface.co/datasets/jhonnyisaacc/hutter/resolve/main/hebrew/hebrews/000086.png,וְלֹא אֱהֹוקֹל הַשּׁוֹפָר הֲלוֹז וְקוֹל מְדַבְּרִים אֲשֶׁר יַעֲמִיד בְּחוֹק הַשֹּׁמְעִים וַיְאָמְרוּ אַל־דְּבַר לְפָנֵינוּ אֱלֹהִים בָּמוֹת,וְלֹא אֶל־קוֹל הַשּׁוֹפָר הוֹלֵךְ וְחָזֵק מְאוֹר וְקוֹל הַדְּבָרִים אֲשֶׁר יָנֻעוּ וְיַעַמְדּוּ מֵרָחוֹק הַשֹּׁמְעִים וְיֹאמְרוּ אַל־יְדַבֵּר עִמָּנוּ אֱלֹהִים פֶּן נָמוּת:,3,אֱהֹוקֹל | הֲלוֹז | יַעֲמִיד,000086.png
hebrews,12,20,https://huggingface.co/datasets/jhonnyisaacc/hutter/resolve/main/hebrew/hebrews/000088.png,כִּי לֹא יָכְלוּ לְהַכִּיל מַה שֶּׁנֶּאֱמַר אִם־בְּהֵמָה אִם־אִישׁ יִגַּע בְּהַר יַד סָקֵל יִסָּקֵל (אוֹ יִדֶּה יֶרֶה,כִּי־־לֹא יָכְלוּ לְהָכִיל מַה מְּצֻוָּּה אִם־־בְּהֵמָה אִם־אִישׁ תִּגַּע בָּהָר יָד סָקוֹל יִסָּקֵל (אוֹ־יָרֹה יִיָּרֶה:),2,verse 20: parenthesis after יִסָּקֵל - unusual placement | verse 20: possible incomplete verse - ends mid-phrase,000088.png
hebrews,12,21,https://huggingface.co/datasets/jhonnyisaacc/hutter/resolve/main/hebrew/hebrews/000088.png,וְגַם כָּל נָתְנָה הָיָא הַנִּרְאָה לְמֹשֶׁה מִלֹּא אֲנִי תּוֹדֵד וְרָעֵד,וְכִי־־־חֲרָדָה הִיא הַמַּרְאֶה וַיֹּאמֶר גַּם מֹשֶׁה מָלֵא אֲנִי חֲרָדָה וָרָעַד:,2,"verse 21: נָתְנָה - unusual form, verified as transcribed | verse 21: תּוֹדֵד - double dalet verified",000088.png
hebrews,12,24,https://huggingface.co/datasets/jhonnyisaacc/hutter/resolve/main/hebrew/hebrews/000088.png,וְאֶל־אִישׁ בַּיִן וּכְעֵל בְּרִית חֲדָשָׁה יֵשׁוּעַ הַמַּשִּׁית וְאֶל־דַּם הַנָּזָה הַטּוֹבְקִים טוֹב מִדַּם הֶבֶל,וְאֶל־אִישׁ בֵּינַיִם וּבַעַל בְּרִית הָחֲדָשָׁה יֵשׁוּעַ הַמָּשִׁיחַ וְאֶל־דְּמֵי נִדָּה הַצּוֹעֲקִים טוֹב מִקּוֹל דְּמֵי הָבֶל:,1,"verse 24: הַטּוֹבְקִים - unusual form, verified as transcribed",000088.png
hebrews,12,25,https://huggingface.co/datasets/jhonnyisaacc/hutter/resolve/main/hebrew/hebrews/000088.png,רָאוּ וְיִשְׁמְרוּ בֶּן הַמְדַבֵּר עֲלֵיכֶם אֲשֶׁר מִדַּבֵּר עֲלֵיכֶם אֲשֶׁר מִדַּבֵּר עֲלֵיכֶם כִּי אִם בָּאָרֶץ לֹא יִכְלוּ לָנוּס בְּמָאֵן יְחַדּוּ אוֹתוֹ אִם נִמְרֹד עַל־אֲשֶׁר מִדַּבֵּר אֵלֵינוּ מִן־הַשָּׁמַיִם מִדַּבֵּר אֵלֵינוּ,וּרְאוּ וְהִשָּׁמְרוּ פֶן תִּמְרְדוּ עַל־־אֲשֶׁר מְדַבֵּר עִמָּכֶם וְאִם הָאֵלֶּה אֲשֶׁר מָרְדוּ עַל־הַמְדַבֵּר אִתָּם בָּאָרֶץ לֹא יָכְלוּ לָנוּס כַּמָּה יוֹתֵר אֲנַחְנוּ אִם נִמְרֹד עַל־אֲשֶׁר מִשָּׁמַיִם מְדַבֵּר אֵלֵינוּ:,1,verse 25: repetitive phrase structure - verified as written,000088.png
hebrews,13,9,https://huggingface.co/datasets/jhonnyisaacc/hutter/resolve/main/hebrew/hebrews/000092.png,כָּל־מִידֵי מִתְהַפֶּלְטִים וְהַזָּרִים לֹא תִּתְעָתְעוּ כִּי טוֹב בַּחֲנוֹנוֹת לְסַד לִבְּכֶם וְלֹא בְּמַאָכָלִים אֲשֶׁר לֹא הוֹעִילוּ לְהוֹלְכִים בָּהֶן,בְּלִמּוּדִים מִתְחַלְּפִים וַחֲדָשִׁים לֹא תְּתַעְתֵּעוּ כִּי־טוֹב בִּתְחִנָּה לְסַעֵד לִבְּכֶם וְלֹא בַמַּאֲכָלִים אֲשֶׁר לֹא הוֹעִילוּ לַהוֹלְכִים בָּם:,1,verse 9: several words difficult to verify due to print quality,000092.png
john,1,15,https://huggingface.co/datasets/jhonnyisaacc/hutter/resolve/main/hebrew/john/000004.png,יוֹחָנָן הָעֵד עָלָיו וַיִּצְעַק לֵאמֹר זֶה הוּא אֲשֶׁר אָמַרְתִּי בָּא וְלִפְנַי הָיָה כִּי רֹאשׁ לִי הָיָה בִּמְשָׁפְטֵי הָיָה,יוֹחָנָן הֵעִיד עָלָיו וַיִּצְעַק לֵאמֹר זֶה הוּא אֲשֶׁר אָמַרְתִּי אֲשֶׁר אַחֲרַי בָא וּלְפָנַי הָיָה כִּי־רִאשׁוֹן מִמֶּנִּי הָיָה:,1,Verse 15: Final phrase 'בִּמְשָׁפְטֵי הָיָה' - the word before הָיָה is difficult to read; appears to be בִּמְשָׁפְטֵי but vowel marks are unclear,000004.png
john,2,8,https://huggingface.co/datasets/jhonnyisaacc/hutter/resolve/main/hebrew/john/000016.png,וַיֹּאבֵד אֲלֵיהֶם שַׁאֲבוּ עַתָּה וְהוֹבִילוּ לְכַל־הַמִּשְׁתֶּה נִכְלָאוֹ,וַיֹּאמֶר אֲלֵיהֶם שַׁאֲבוּ עַתָּ וְהָבִיאוּ לְבַעַל הַמִּשְׁתֶּה וַיָּבִיאוּ:,1,"נִכְלָאוֹ - Unusual form, possibly scribal variant",000016.png
john,2,10,https://huggingface.co/datasets/jhonnyisaacc/hutter/resolve/main/hebrew/john/000018.png,וַיֹּאמֶר אֵלָיו כָּל־אִישׁ בָּרֹאשׁוֹנָה יִתֵּן טוֹב עַם וּכְאֲשֶׁר שָׁכְרוּ אַז הַמְּצֻיָּר נִצְּרַת נָצְרָתָה אַת־בֵּן הַטּוֹב עַד עָתָּה,וַיֹּאמֶר אֵלָיו כָּל־־־אִישׁ בָּרִאשׁוֹנָה יַיִן טוֹב שָׂם וְכַאֲשֶׁר שָׁכְרוּ אָז אֶת־הַצָּעִיר וְאַתָּ נָצַרְתָּה אֶת־יַיִן הַטּוֹב עַד־עַתָּה:,2,"Verse 10 line 2: 'הַמְּצֻיָּר' - unusual vocalization, verified as visible | Verse 10 line 2: 'נִצְּרַת' vs 'נִצְּרָת' - dagesh placement uncertain",000018.png
john,2,12,https://huggingface.co/datasets/jhonnyisaacc/hutter/resolve/main/hebrew/john/000018.png,וְאַחֲרֵי לִירֵדֶד לִכְפַר נַחוּם הוּא וְאִמּוֹ וְאֶחָיו וְתַלְמִידָיו וְשָׁם הָיוּ יָמִים לֹא רַבִּים,וְאַחֲרֵי כֵן־יָרַד לְכֹפֶר נַחוּם הוּא וְאִמּוֹ וְאֶחָיו וְתַמִלְידָיו וְשָׁם הָיוּ יָמִים לֹא רַבִּים:,1,"Note: ׳וְתַמִלְידָיו׳ is a typographical error in the source; the intended form is ׳וְתַלְמִידָיו׳. Verse 12: 'לִירֵדֶד' - double dalet unusual, verified as visible",000018.png
john,2,15,https://huggingface.co/datasets/jhonnyisaacc/hutter/resolve/main/hebrew/john/000018.png,וַיַּעַשׂ לוֹ שׁוֹט מֵחֲבָלִים וַיְשַׁלַּח כֻּלָּם מִכָּל־הַם גַּם אֶת־הַצֹּאן וְהַשְׁוָרִים וְשָׁבַר וִישַׁבֵּר אֶת־אַגְרוֹת הַמַּסְתְּרִים וְהָפַךְ שֻׁלְחֹנוֹתָם בַּעַד,וַיַּעַשׂ לוֹ שׁוֹט מֵחֲבָלִים וַיַּשְׁלֵךְ כֻּלָּם מֵהֵיכָל וְגַם אֶת־־־צֹנֶה וּשְׁוָרִים וַיִשְׁפֹךְ אֶת־־אֲגוֹרוֹת הַמִּתְעָרְבִים וְשֻׁלְחֲנוֹתָם הָפַךְ:,2,"Verse 15: 'מִכָּל־הַם' - unusual form, possibly 'מן־הַהֵיכָל' abbreviated | Verse 15: 'וִישַׁבֵּר' - second occurrence of breaking/shattering, verified",000018.png
john,3,7,https://huggingface.co/datasets/jhonnyisaacc/hutter/resolve/main/hebrew/john/000024.png,אַל תִּתְמַהּ כִּי אֲבַדְתִּי נַעֲרִי לָכֶם אַתֶּם מְלַכְלֵכִים,אַל־תִּתְמַהּ כִּי אָמַרְתִּי צָרִיךְ לְהִוָּלֵד אֶתְכֶם מִלְמַעְלָה:,1,verse 7 appears to have non-standard wording,000024.png
john,3,13,https://huggingface.co/datasets/jhonnyisaacc/hutter/resolve/main/hebrew/john/000026.png,וְאִישׁ לֹא עָלָה אֶל־הַשָּׁמַיִם כִּי אִם אֲשֶׁר יָרַד מִן־הַשָּׁמַיִם אֲשֶׁר בַּשָּׁמָיִם אֲשֶׁר בַּשָּׁמַיִם הוּא בֶּן־הָאָדָם אֲשֶׁר בַּשָּׁמַיִם הוּא,וְאִישׁ לֹא עָלָה אֶל־הַשָּׁמַיִם כִּי אִם אֲשֶׁר מִשָּׁמַיִם יָרַד זֶה הוּא בֶּן־הָאָדָם אֲשֶׁר בַּשָּׁמַיִם הֹוֶה:,2,Verse 13: First phrase uncertain due to print quality - 'וְאִישׁ לֹא עָלָה' may have additional marks | Verse 13: Multiple occurrences of 'אֲשֶׁר בַּשָּׁמַיִם' - transcribed exactly as visible but unusual structure,000026.png
john,4,42,https://huggingface.co/datasets/jhonnyisaacc/hutter/resolve/main/hebrew/john/000044.png,וְלָאִשָּׁה אָמְרוּ לֹא אֱמוּנָם אֲנַחְנוּ בְּעֲבוֹד מִלְּתֵךְ כִּי אִם שְׁמַעְנוּ וַנֵּדַע כִּי זֶה הוּא אָמְנָם הַמּוֹשִׁיעַ נְעוּלָם הַמָּשִׁיחַ,וּלְאִשָּׁה אָמְרוּ לֹא מַאֲמִינִים אֲנַחְנוּ בַעֲבוּר מִלָּתֵךְ כִּי אִם אֲנַחְנוּ שָׁמַעְנוּ וְיָדַעְנוּ כִי זֶה הוּא בֶאֱמֶת מוֹשִׁיעַ הָעוֹלָם הַמָּשִׁיחַ:,1,"נְעוּלָם - appears to read as shown, though expected form might differ",000044.png
john,5,9,https://huggingface.co/datasets/jhonnyisaacc/hutter/resolve/main/hebrew/john/000050.png,דִּיזְלֵע יְהוּדַעַע מָרְהָא שְׁלֹשׁ וּהָאִינֵן נְהוּוּא וּאִישֵׁא אֶת־מָשָׁה הֲלָךְ פֹּתֵר שַׁבָּת בַּרוּם נְהוּוּא,וּבְרֶגַע נִהְיָה שָׁלֵו הָאָדָם הַהוּא וְיִשָּׂא אֶת־־מִטָּתוֹ וַיְהַלֵּךְ וַתְּהִי שַׁבָּת בַּיּוֹם הַהוּא:,1,verse 9 has mixed text quality,000050.png
john,5,35,https://huggingface.co/datasets/jhonnyisaacc/hutter/resolve/main/hebrew/john/000058.png,הוּא הַיָּה הַלֶּחֶם בּוֹעֵד וּמַיִד וְאִכֵּם אֲבִילִים הֵם לֶעַת לְלֵיל בְּאַלְדּוּן,הוּא הָיָה הַנֵּר בּוֹעֵר וּמֵאִיר וְאַתֶּם אֲבִיתֶם לָעֵת לָגִיל בְּאוֹרוֹ:,6,verse 35: word 2 'הַיָּה' - final letter may be ה or ח | verse 35: word 3 'הַלֶּחֶם' - third letter dagesh uncertain | verse 35: word 4 'בּוֹעֵד' - vowel pattern uncertain | verse 35: word 5 'וּמַיִד' - second letter yod vs vav uncertain | verse 35: word 9 'לֶעַת' - first vowel may be segol or tsere | verse 35: word 11 'בְּאַלְדּוּן' - final nun vs mem sofit uncertain,000058.png
john,5,36,https://huggingface.co/datasets/jhonnyisaacc/hutter/resolve/main/hebrew/john/000058.png,וְאָנִי יֵשׁ לִי עֵדוֹת גְּדוֹלָה מֵיּוֹחָן כִּי הַמַּעֲשִׂים אֲשֶׁר עוֹשֶׂה אָבִי שְׁלָחַנִי הֵעִידוּ עָלַי כִּי הָאָב שְׁלָחַנִי,וַאֲנִי יֶשׁ לִי עֵדוּת גְּדוֹלָה מִיּוֹחָנָן כִּי הַמַּעֲשִׂים אֲשֶׁר נָתַן לִי הָאָב לְכַלּוֹת אוֹתָם הֵמָּה הַמַּעֲשִׂים אֲשֶׁר עוֹשֶׂה אֲנֹכִי הֵעִידוּ עָלַי כִּי הָאָב שְׁלָחַנִי:,4,verse 36: word 7 'גְּדוֹלָה' - dagesh in gimel uncertain | verse 36: word 8 'מֵיּוֹחָן' - compound word structure unclear | verse 36: word 13 'אוֹתָם' may be 'אוֹתָהּ' | verse 36: word 18 'שְׁלָחַנִי' - final vowel pattern,000058.png
john,5,37,https://huggingface.co/datasets/jhonnyisaacc/hutter/resolve/main/hebrew/john/000058.png,וְהָאָב אֲשֶׁר שְׁלָחַנִי הוּא הֵעִיד עָלַי כֹּל פַּעַם לֹא שְׁמַעְתֶּם וּתְבוּנָתוֹ לֹא רְאִיתֶם,וְהָאָב אֲשֶׁר שְׁלָחַנִי הוּא הֵעִיד עָלַי וְקוֹלוֹ בְּכָל עִתּוֹת לֹא שְׁמַעְתֶּם וּתְמוּנָתוֹ לֹא רְאִיתֶם:,4,verse 37: word 7 'הֵעִיד' - vowel on ayin may be tsere or segol | verse 37: word 9 'כֹּל' - dagesh unclear | verse 37: word 10 'פַּעַם' - dagesh in pe uncertain | verse 37: word 13 'וּתְבוּנָתוֹ' - compound structure unclear,000058.png
john,5,39,https://huggingface.co/datasets/jhonnyisaacc/hutter/resolve/main/hebrew/john/000058.png,חָקְרוּ אֵת הַכְּתוֹבִים כִּי הוֹשְׁבִים אַתֶּם לִהְיוֹת לָכֶם בָּהֶם אֵת חַיֵּי עוֹלָם וְהֵמָּה הַמְּעִידִים עָלַי,חִקְרוּ אֶת־־־הַכְּתָבִים כִּי חוֹשְׁבִים אַתֶּם לִהְיוֹת לָכֶם בָהֶם אֶת־־־חַיֵּי עוֹלָם וְהֵמָּה הָיוּ הַמְּעִידִים עָלַי:,3,"verse 39: word 5 'הוֹשְׁבִים' - root uncertain, may be different verb form | verse 39: word 13 'חַיֵּי' - dagesh in yod unclear | verse 39: word 15 'וְהֵמָּה' - dagesh in mem uncertain",000058.png
john,5,40,https://huggingface.co/datasets/jhonnyisaacc/hutter/resolve/main/hebrew/john/000058.png,וְלֹא חֲפַצְתֶּם לָבוֹא אֵלַי לִהְיוֹת לָכֶם חַיִּים,וְלֹא תֹּאבוּ לָבוֹא אֵלַי לִהְיוֹת לָכֶם חַיִּים:,2,verse 40: word 2 'חֲפַצְתֶּם' - hataf patach vs simple sheva on chet | verse 40: word 8 'חַיִּים' - final mem vs mem sofit,000058.png
john,6,65,https://huggingface.co/datasets/jhonnyisaacc/hutter/resolve/main/hebrew/john/000078.png,וַיֹּאמֶר לָכֵן אָמַרְתִּי לָכֶם כִּי אִישׁ לֹא יָבוֹא אֶל־כֹּל לוֹא יִהְיֶה מִאֵת,וַיֹּאמֶר לָכֵן אָמַרְתִּי לָכֶם כִּי אִישׁ לֹא יוּכַל לָבוֹא אֵלַי אִם לֹא נִתָּן לוֹ יִהְיֶה מֵאָבִי:,1,The text appears to be cut off or incomplete at the bottom of the page - the verse seems truncated,000078.png
john,9,14,https://huggingface.co/datasets/jhonnyisaacc/hutter/resolve/main/hebrew/john/000116.png,אָנֹכִי הָרֹעֶה הַטּוֹב כַּאֲשֶׁר עָשָׂה יְשׁוּעַ אֶת־נַפְשׁוֹ וְנִבְטַח אֶת־עֵינָיו,וַתְּהִי־שַׁבָּת כַּאֲשֶׁר עָשָׂה יֵשׁוּעַ אֶת־הַטִּיט וּפָקַח אֶת־עֵינָיו:,1,verse 14 appears to have non-standard wording or may be damaged/unclear in parts,000116.png
john,9,15,https://huggingface.co/datasets/jhonnyisaacc/hutter/resolve/main/hebrew/john/000116.png,וַיִּשּׁוּבוּ וַיִּשְׁאֲלוּ לוֹ הַפְּרֻשִׁים גַּם־הֵם אֵיךְ נִשְׂבַּר לָרְאוֹת וַיֹּאמֶר לָהֶם אֶת־נְשָׁמָה פִּי עַל־עֵינָיו נִתְּנוּ וַיִּרְאֵנִי וַיִּרְאֵה אֲבוֹת,וַיָּשׁוּבוּ וַיִּשְׁאֲלוּ לוֹ הַפְּרוּשִׁים אֵיךְ שָׁב לִרְאוֹת וַיֹּאמֶר לָהֶם אֶת הַטִּיט שִׂים לִי עַל־עֵינַי וָאֶרְחַץ וְרוֹאֶה אָנֹכִי:,1,verse 15 text appears to have non-standard wording,000116.png
john,10,5,https://huggingface.co/datasets/jhonnyisaacc/hutter/resolve/main/hebrew/john/000126.png,כִּי אִם יוּטֵם בָּאֵיֹם אֵינָם יִנְסוּ בַּמֵּמִּי כִּי לֹא יֹדְעוּם אֶת־קוֹל תְּבִידִים,וְאַחֲרֵי הַנָּכְרִי אֵינָם בָּאִים כִּי אִם יָנוּסוּ מִמֶּנּוּ כִּי לֹא יוֹדְעִים אֶת־קוֹל הַנָּכְרִים:,3,בָּאֵיֹם - unusual vocalization | בַּמֵּמִּי - unclear reading | תְּבִידִים - possible non-standard form,000126.png
john,10,36,https://huggingface.co/datasets/jhonnyisaacc/hutter/resolve/main/hebrew/john/000136.png,וַיֹּאת אֲשֶׁר קֹדֶשׁ תֹּאבֵל וְשָׁלֹחַ אֵל־חֹצִילֹם אֹמֵרֹים כִּי מִבֹּדְלֹאו כִּי אָבְדַנִי בְּנֵי אֱלֹהִים אֲנִילִי,וְאֶת אֲשֶׁר קִדֵּשׁ הָאָב וְשָׁלַח אֶל־הַעוֹלם אוֹמְרִים אַתֶּם כִּי מְגַדֵּף אַתָּ כִּי אָמַרְתִּי בֶן־אֱלֹהִים אֲנֹכִי:,3,"verse 36: character after 'וַיֹּאת' - appears to be אֲשֶׁר but vowels are faint | verse 36: 'תֹּאבֵל' - dagesh in ת unclear, may be printing artifact | verse 36: 'מִבֹּדְלֹאו' - unusual form, transcribed as visible",000136.png
john,10,37,https://huggingface.co/datasets/jhonnyisaacc/hutter/resolve/main/hebrew/john/000136.png,וְאֹם אֵינִיגִי עֹשֶׂה אֵחָד־מַעֲשֵׂי אָבִי לֹא תַאֲמִינוּ לִי,וְאִם אֵינֶנִּי עוֹשֶׂה אֶת־מַעֲשֵׂי אָבִי לֹא תַּאֲמִינוּ לִי:,1,"verse 37: 'אֵינִיגִי' - uncertain reading, possibly 'אֵינִי' with unclear suffix",000136.png
john,10,40,https://huggingface.co/datasets/jhonnyisaacc/hutter/resolve/main/hebrew/john/000136.png,וַיֵּשֶׁב נָשׁוֹב נֵלַךְ לְעֹבֶד הַיַּרְדֵּן אֶל־הַמָּקוֹם אֲשֶׁר בּוֹ הָיָה יוֹחָנָן בָּרֵאשֹׁנָה טֹבֵל וַיַּחַן־שָׁם,וַיָּשָׁב וַיֵּלֶךְ לְעֵבֶר הַיַּרְדֵּן אֶל־הַמָּקוֹם אֲשֶׁר בּוֹ הָיָה יוֹחָנָן בָּרִאשׁוֹנָה טוֹבֵל וַיְאַחֵר שָׁם:,1,verse 40: 'נָשׁוֹב' - dagesh in שׁ unclear,000136.png